purchases,time_spent,n_visits
3.0,100.4736704078088,16.0
8.0,105.89892497880784,4.0
6.0,86.71722459773868,5.0
5.0,106.95199923447056,8.0
3.0,94.66798969022712,20.0
5.0,83.24937281486473,2.0
2.0,112.00090426161913,15.0
3.0,80.08240442659795,22.0
6.0,114.65336143583444,1.0
5.0,119.3912311465342,6.0
4.0,86.70723555769624,7.0
5.0,116.60042507974538,12.0
3.0,97.2485415667545,4.0
5.0,119.59333357187066,9.0
5.0,96.71810832286512,4.0
4.0,94.5664266108652,2.0
9.49470051103734,96.36995063138744,13.0
8.0,84.03568573138168,2.0
8.0,98.41382937085122,10.0
9.0,95.57079787857352,6.0
6.0,90.3344090449704,3.0
9.49470051103734,100.02661587840488,6.0
6.0,103.77171160080542,14.0
6.0,94.2568211593974,5.0
4.0,108.54983690858126,2.0
3.0,111.64738283239056,10.0
5.0,92.1686973895616,5.0
7.0,115.6297104636103,8.0
5.0,100.60175076496527,5.0
2.0,102.83432551804502,11.0
4.0,83.14537653383184,15.0
9.49470051103734,102.76304644632944,13.0
3.0,94.52850640643544,1.0
6.0,108.06151279697065,4.0
3.0,106.22273137964524,7.0
4.0,101.55155875618536,22.334292151809436
4.0,93.3007105454706,19.0
5.0,111.24927864936836,5.0
7.0,93.07633213437944,6.0
6.0,82.01876634155049,8.0
4.0,111.3291170535832,8.0
8.0,100.83569817228522,21.0
3.0,111.11584773107472,6.0
7.0,101.5583646851383,2.0
8.0,119.90240534202508,2.0
6.0,94.11985007702344,4.0
4.0,100.28174587586498,14.0
6.0,118.20725241944896,12.0
5.0,108.4671057041904,22.334292151809436
3.0,110.2739853172138,22.334292151809436
1.0,85.44462025039758,22.334292151809436
6.0,103.52277521433118,5.0
3.0,94.46103687379949,1.0
7.0,106.8005479869779,18.0
6.0,93.56148281115097,9.0
3.0,114.89852301232848,13.0
2.0,100.63924108848104,11.0
4.0,89.4820736446299,13.0
4.0,101.51771750362296,13.0
5.0,112.3181616467056,16.0
1.0,96.94504011802552,2.0
5.0,95.7605620418089,15.0
9.0,91.36941871598736,6.0
4.0,108.10703114383016,12.0
4.0,97.50699176099089,5.0
5.0,98.58537476836064,8.0
5.0,99.31015048571632,6.0
7.0,98.47368851665708,12.0
5.0,104.08402508480997,10.0
4.0,113.7161500022417,1.0
6.0,95.22870668127318,1.0
9.49470051103734,103.34230450645563,13.0
7.0,93.18369943710128,2.0
5.0,98.82695509894955,9.0
2.0,98.13345376658434,6.0
5.0,116.48033600029903,19.0
0.5781629550845526,101.40909802213152,3.0
4.0,98.52120372526166,12.0
4.0,94.15083824954866,5.0
7.0,100.17771891303563,12.0
2.0,85.44217402852877,15.0
5.0,97.78142715049604,12.0
5.0,89.28006813110136,4.0
3.0,93.66980780630784,3.0
6.0,90.04607353908949,3.0
7.0,102.8912818870768,22.334292151809436
7.0,98.02655765777548,8.0
4.0,81.18953004949937,16.0
7.0,115.04614791148938,1.0
8.0,104.87283759757996,7.0
3.0,107.97101182018976,9.0
5.0,114.34751799756,14.0
5.0,102.83912378230696,22.334292151809436
5.0,93.28724613601952,9.0
4.0,108.35078986457115,6.0
5.0,80.08240442659795,11.0
5.0,97.03269303547292,9.0
7.0,93.89916963241744,22.334292151809436
4.0,95.10441852037576,1.0
3.0,106.97749465045274,1.0
2.0,103.28727706977004,2.0
2.0,107.1459067348941,9.0
6.0,112.4175593512583,1.0
5.0,97.0902600670187,15.0
4.0,105.9644183115982,1.0
7.0,116.894816542316,14.0
3.0,85.42857458317151,13.0
1.0,84.93247571858818,9.0
3.0,118.99305929441114,1.0
9.49470051103734,106.6683537760536,1.0
2.0,85.98374678732094,8.0
3.0,100.44837695957293,4.0
4.0,85.65121057151805,1.0
3.0,112.96385974935816,6.0
5.0,96.4028966843043,5.0
7.0,107.9419529229743,8.0
3.0,94.37762740948016,8.0
2.0,106.87547433267976,3.0
8.0,112.83422950431688,14.0
4.0,88.21226042896755,2.0
5.0,105.70605076280933,22.334292151809436
9.49470051103734,97.2752086061423,15.0
4.0,97.53294500662108,5.0
3.0,107.14178324880626,22.334292151809436
3.0,80.08240442659795,6.0
3.0,81.51018276970704,16.0
3.0,111.66215352578988,22.0
3.0,102.32202888524552,16.0
5.0,95.45804245309726,5.0
3.0,100.4562255830264,15.0
4.0,103.18332501319992,2.0
5.0,102.60245694966603,16.0
7.0,89.75931067513442,10.0
5.0,82.61664122169167,2.0
6.0,80.08240442659795,3.0
5.0,96.53291881464372,9.0
7.0,88.7905738897149,18.0
2.0,95.5653684651829,20.0
7.0,92.62184332620131,7.0
6.0,84.83963394174387,8.0
7.0,101.94046235487924,7.0
9.49470051103734,92.24793772555346,2.0
4.0,100.47463823846113,6.0
5.0,100.8262417718406,1.0
5.0,89.302650174727,21.0
6.0,98.99074237682169,8.0
9.0,83.89896432800936,2.0
5.0,106.34248286559318,4.0
4.0,93.41658502234264,7.0
5.0,92.59241595647832,9.0
4.0,110.92301950155208,1.0
1.0,88.28632942649172,2.0
8.0,112.2730963770448,2.0
4.0,80.08240442659795,7.0
4.0,80.41650572620313,14.0
2.0,95.1813589739246,16.0
3.0,108.86713132636667,1.0
9.0,100.90110316391711,18.0
6.0,100.07382771778488,15.0
6.0,105.4228908346862,2.0
1.0,101.48921368069304,5.0
6.0,88.10479125278215,14.0
3.0,108.2982624462249,2.0
5.0,82.01044449322826,2.0
6.0,97.12613917989214,1.0
5.0,99.50051546566756,4.0
6.0,108.81707911011056,18.0
4.0,94.28423979020872,13.0
5.0,108.74236272174826,2.0
3.0,105.36321305248283,15.0
5.0,108.63534348471646,2.0
2.0,89.33433240174465,1.0
9.49470051103734,94.60800364104834,6.0
7.0,100.73090512179012,15.0
7.0,95.78590151084792,9.0
4.0,114.72189516331828,4.0
3.0,101.34642607469766,16.0
5.0,80.08240442659795,15.0
5.0,103.8364523514783,9.0
5.0,105.18086749807314,4.0
9.0,100.54198250992852,5.0
3.0,102.48430028749144,22.0
8.0,93.7501917640778,11.0
2.0,91.24425489759658,16.0
4.0,91.70497389726825,4.0
4.0,101.17760254414588,22.334292151809436
4.0,112.73039231648536,21.0
6.0,85.9506524513752,8.0
6.0,101.18692150893494,14.0
6.0,100.89728584667851,13.0
5.0,105.6329695101261,13.0
7.0,106.60039014166748,13.0
4.0,100.02832261038176,20.0
5.0,107.9372610810738,22.0
3.0,98.59914975993097,22.334292151809436
7.0,112.00384104083808,21.0
5.0,98.6125161615027,18.0
4.0,102.2941308410356,22.334292151809436
4.0,97.24688035021548,11.0
7.0,93.21619612436034,3.0
3.0,94.35102015278726,3.0
4.0,102.38508809631564,3.0
2.0,99.10670260056008,8.0
5.0,105.61635957745376,16.0
7.0,93.08248090616908,22.0
2.0,107.50540962664869,5.0
3.0,99.31167229192889,5.0
9.49470051103734,119.90240534202508,15.0
3.0,91.73731053689092,6.0
1.0,94.88375966745744,2.0
1.0,101.79215881427372,3.0
6.0,115.95762486240676,3.0
8.0,105.88325912793918,4.0
5.0,80.08240442659795,11.0
9.49470051103734,118.54644237577082,14.0
8.0,102.9570332854834,12.0
5.0,102.66463605943036,5.0
2.0,89.6659909708585,3.0
2.0,93.31662087455264,1.0
5.0,119.27421226904788,8.0
6.0,108.88456556016337,16.0
5.0,103.1020052700573,13.0
7.0,89.24501517451567,7.0
3.0,105.53011330435022,11.0
4.0,95.9379995011735,16.0
5.0,92.2853917877404,22.334292151809436
4.0,96.3925731925446,1.0
2.0,90.36519321369056,1.0
5.0,92.15425979487102,1.0
7.0,107.69944155035328,12.0
4.0,96.05518464535812,22.334292151809436
4.0,83.45534083821408,12.0
8.0,88.95544298410564,5.0
8.0,95.26217717902917,18.0
2.0,102.39878208911249,7.0
6.0,103.46919648684262,1.0
5.0,86.95342602756658,2.0
4.0,107.43399319128932,3.0
6.0,98.19757448182024,3.0
3.0,100.2332532748357,2.0
4.0,96.24307455562295,22.0
5.0,95.79969642194932,2.0
2.0,92.53404980928228,3.0
4.0,109.12839080617032,3.0
5.0,88.91007165013677,2.0
6.0,107.96289862353484,14.0
5.0,99.70400690311438,1.0
2.0,87.35994727022066,8.0
9.0,99.95345377808428,12.0
5.0,104.67254763469796,22.334292151809436
9.49470051103734,104.56462534363112,5.0
7.0,110.66620426162524,5.0
4.0,113.16283220968812,2.0
8.0,110.89912187805426,3.0
6.0,104.04990144142327,2.0
4.0,82.39173540136943,11.0
8.0,109.53143802357708,2.0
5.0,90.33749351273644,8.0
6.0,96.31612542555118,13.0
8.0,103.34685616529188,4.0
0.5781629550845526,106.06330516684,15.0
9.49470051103734,97.6426187910802,3.0
3.0,100.6779446042088,2.0
4.0,98.45879481150178,2.0
9.49470051103734,97.0173119434586,4.0
4.0,85.78210869835495,11.0
2.0,94.3413099735002,4.0
9.0,94.0134644762399,10.0
2.0,81.64204963901517,2.0
6.0,111.28450976716856,8.0
1.0,94.2338189748733,17.0
4.0,100.63004116562254,14.0
4.0,93.29011802714518,13.0
1.0,96.85579458330686,1.0
5.0,95.91675868574872,7.0
0.5781629550845526,80.08240442659795,12.0
4.0,109.85087949609456,3.0
5.0,81.48583442383098,10.0
5.0,109.3815265925572,12.0
8.0,98.75758425555968,14.0
3.0,109.02462487275206,8.0
6.0,107.64148453292349,1.0
3.0,97.96003649529884,6.0
6.0,80.08240442659795,19.0
5.0,97.99430053817056,1.0
3.0,95.29683106596477,5.0
6.0,102.1235066642002,15.0
3.0,89.98522265651515,11.0
6.0,101.73244835882788,3.0
3.0,97.63735541747448,14.0
3.0,107.3342210926611,2.0
4.0,98.84180815825088,1.0
6.0,100.2739330087535,6.0
4.0,95.45847534976636,15.0
2.0,108.11451766891224,4.0
4.0,100.64374279705244,14.0
6.0,93.05473198984488,1.0
7.0,115.63016643341363,21.0
2.0,94.66830971701108,16.0
7.0,98.76272452857,5.0
9.0,99.30182517033391,14.0
6.0,101.277931116434,4.0
7.0,94.34851110814282,1.0
8.0,110.15656347776746,5.0
3.0,104.98726373444244,12.0
2.0,93.53097790707388,5.0
1.0,91.31889705317607,8.0
5.0,107.26286297859282,7.0
3.0,115.8949388035091,11.0
9.49470051103734,99.63442486142073,9.0
8.0,105.6098883882667,17.0
2.0,110.4826880212195,16.0
5.0,97.5750078755316,15.0
5.0,101.23878500151456,8.0
9.0,97.40053947279142,22.0
4.0,106.73669247497196,14.0
6.0,103.37886960040484,2.0
4.0,98.75697551188028,14.0
4.0,91.91211835781256,1.0
5.0,109.78737655681068,2.0
5.0,100.2375952332941,11.0
9.0,116.26617926807144,14.0
8.0,100.83880851479888,9.0
2.0,101.33815122554766,13.0
4.0,100.8374327710518,19.0
7.0,101.3152343029499,4.0
6.0,110.50781685001284,6.0
3.0,91.80683796732956,5.0
7.0,112.67698199152316,8.0
6.0,90.59493181113466,5.0
4.0,106.6216160912523,4.0
2.0,108.84885250443484,20.0
7.0,101.183993719777,1.0
4.0,101.36787700303508,10.0
6.0,91.31987737257316,1.0
3.0,117.93733546386042,12.0
4.0,92.00321206656066,4.0
9.0,100.34738444029811,8.0
4.0,98.14310881635974,17.0
2.0,92.35224542008076,22.334292151809436
6.0,100.739108355879,5.0
5.0,90.57150140407676,10.0
5.0,97.359874779343,4.0
4.0,80.08240442659795,20.0
9.49470051103734,80.08240442659795,15.0
4.0,102.04568933779343,3.0
5.0,109.49403424056158,15.0
7.0,91.92178773409488,4.0
4.0,102.33414811552304,9.0
2.0,94.21478563164116,3.0
3.0,119.90240534202508,10.0
6.0,93.56264772060258,1.0
5.0,97.9102470212014,6.0
5.0,101.8531630143283,22.334292151809436
7.0,94.37215919927776,11.0
1.0,119.74669703149478,2.0
7.0,97.04219859300714,20.0
8.0,84.44478978413211,4.0
5.0,80.08240442659795,2.0
6.0,93.47349286640774,19.0
1.0,80.08240442659795,14.0
3.0,110.1713397277302,19.0
5.0,89.05513935631674,8.0
6.0,107.4369972507522,8.0
8.0,90.45427628752384,3.0
2.0,105.42874172857375,8.0
2.0,95.78153345856254,22.334292151809436
7.0,95.34504122191262,22.334292151809436
6.0,97.53218624163108,6.0
4.0,105.29115502858976,11.0
3.0,109.26168033380472,4.0
1.0,96.48105983970378,13.0
5.0,111.11896714885798,22.0
3.0,106.1226138225669,20.0
8.0,103.79598870658155,22.0
8.0,80.08240442659795,5.0
4.0,87.90635601442156,3.0
3.0,119.90240534202508,13.0
4.0,85.336203761955,16.0
6.0,98.73009251270253,6.0
5.0,99.4856932293578,4.0
7.0,99.007846754646,2.0
7.0,96.98601871998316,2.0
4.0,102.5464561317396,3.0
3.0,100.28409596490717,1.0
2.0,99.97574013098463,22.334292151809436
6.0,106.58026361274926,20.0
4.0,94.00970139977473,10.0
4.0,106.27524664671098,19.0
4.0,107.940763480862,6.0
7.0,92.59705158783468,5.0
6.0,85.1004085489022,11.0
1.0,106.67624715454797,6.0
4.0,107.54770591276193,13.0
7.0,81.7700574159226,18.0
4.0,98.06911895872332,2.0
4.0,94.7017686457446,21.0
4.0,100.9687202164492,16.0
6.0,99.14122007178844,5.0
1.0,101.43749118387876,14.0
5.0,85.54248974342468,17.0
4.0,92.98516391134582,1.0
6.0,111.3351640791686,14.0
8.0,89.97085276166626,4.0
3.0,95.82857107618828,16.0
2.0,99.33951032987468,18.0
9.0,97.7738962055528,9.0
6.0,119.68588600043624,1.0
5.0,91.2599094602922,5.0
3.0,113.4505594486326,12.0
7.0,92.58615644912214,2.0
4.0,111.76465139169504,2.0
7.0,103.91583788538831,2.0
4.0,110.4374737388694,11.0
1.0,87.83292808293905,18.0
4.0,80.08240442659795,1.0
3.0,98.62463394142924,22.0
7.0,101.21543521589074,13.0
9.0,99.8398290314229,8.0
6.0,105.83622419705134,1.0
4.0,94.29410111748754,17.0
4.0,91.39224053504142,15.0
8.0,103.11002167659196,8.0
3.0,95.01476668598092,1.0
9.49470051103734,115.29017977164364,3.0
9.0,102.58942253055667,16.0
4.0,102.26805437948232,22.334292151809436
4.0,93.27511199930416,3.0
3.0,110.10621482953208,5.0
2.0,113.5298064074906,2.0
4.0,116.2554294194934,14.0
7.0,82.66247491202468,18.0
5.0,101.90242636057914,15.0
8.0,111.4106234798656,4.0
7.0,91.95594674576556,9.0
9.0,86.65105798996422,13.0
4.0,112.01544483236644,13.0
4.0,110.0227827168186,6.0
4.0,106.1972831476732,10.0
8.0,110.76078811607093,13.0
6.0,82.59479646242026,16.0
7.0,87.72744028749271,5.0
4.0,86.62989661154815,22.0
6.0,109.47711639322893,1.0
5.0,119.90240534202508,15.0
6.0,110.42467894245232,3.0
5.0,97.28480238018336,11.0
6.0,116.76857308577644,13.0
4.0,96.23195118555928,16.0
0.5781629550845526,103.76361053935032,2.0
9.0,84.07721216829385,11.0
4.0,98.88800428754234,11.0
8.0,106.22416928896492,1.0
6.0,97.11788517405824,5.0
4.0,105.2331084345725,14.0
4.0,105.417157375481,17.0
5.0,82.4510628368458,14.0
9.49470051103734,110.30524527979958,3.0
4.0,88.51135032504075,11.0
5.0,97.72662187956831,6.0
3.0,94.48729800733832,9.0
1.0,104.76492891183412,1.0
8.0,97.340161667018,22.0
5.0,106.20333978360158,13.0
4.0,90.8497121149796,17.0
5.0,105.23289271143756,8.0
6.0,83.90378409695732,10.0
9.0,87.56637606511151,6.0
8.0,94.12333721280162,9.0
6.0,119.90240534202508,5.0
3.0,86.46385250703445,4.0
7.0,85.23748467266753,14.0
8.0,96.50411859254848,10.0
9.49470051103734,109.21087930526234,8.0
6.0,94.70441982914886,1.0
4.0,82.68619306064953,12.0
5.0,111.49481085702692,1.0
7.0,103.16229792612484,2.0
4.0,105.9518146223336,14.0
2.0,96.54536171331851,6.0
5.0,110.19882311953076,17.0
4.0,98.34812888136204,6.0
7.0,117.69522730797875,2.0
4.0,105.07353728418263,12.0
4.0,96.85738376205688,11.0
6.0,100.19622417584026,11.0
4.0,108.43146567928696,4.0
2.0,104.02750133242547,6.0
2.0,85.07709756639153,2.0
3.0,94.54163251133896,7.0
6.0,98.57338257250552,18.0
2.0,107.58252443918715,18.0
2.0,98.63190363418138,8.0
5.0,98.39513586994066,20.0
5.0,90.6099590805056,2.0
1.0,103.58772844827703,3.0
3.0,98.51287235319192,12.0
3.0,89.35332013775898,1.0
7.0,90.7557966151968,13.0
6.0,100.28836535821192,9.0
5.0,106.34867898344152,22.334292151809436
1.0,104.70926938334644,9.0
5.0,111.03831398168516,11.0
2.0,102.02891046344094,2.0
6.0,90.35593615087568,20.0
5.0,106.61351276339644,8.0
4.0,93.8177282484944,1.0
5.0,80.08240442659795,15.0
7.0,86.79361023183631,3.0
4.0,98.55104563981722,15.0
4.0,107.10646391523964,3.0
3.0,103.1832883338122,4.0
5.0,109.90764671118109,8.0
3.0,101.80365169009464,2.0
9.49470051103734,102.44751280142528,17.0
8.0,90.06809287721839,11.0
3.0,111.24398331625646,6.0
6.0,111.1085652239054,2.0
7.0,94.03894550033615,12.0
5.0,88.7375562914006,4.0
6.0,106.76951779847718,4.0
3.0,93.6062595671592,3.0
8.0,100.41095148836774,15.0
6.0,98.21472482688904,5.0
9.49470051103734,94.0043737776608,3.0
4.0,99.50262390192113,9.0
8.0,103.50819462536109,11.0
8.0,98.7676109458142,2.0
9.49470051103734,82.43929667785771,12.0
3.0,109.25237897768122,6.0
5.0,92.02562446045064,12.0
7.0,108.50380239683112,8.0
8.0,85.02038871318707,4.0
3.0,97.14929973708632,5.0
8.0,101.5406266819938,3.0
8.0,108.54541783496693,15.0
4.0,113.47016673300254,2.0
8.0,97.27858823395104,9.0
8.0,111.52680697040842,10.0
4.0,96.48936712644576,1.0
6.0,108.83012054383336,4.0
2.0,81.29425745897912,2.0
3.0,115.9857633237244,10.0
5.0,105.1834235893114,1.0
6.0,107.48654236402557,18.0
4.0,114.60904616741206,2.0
1.0,112.50706930257527,12.0
5.0,96.6444864848327,2.0
4.0,92.85316537133966,12.0
3.0,111.00560649644842,14.0
3.0,107.51681049660736,1.0
5.0,99.59692986828372,2.0
3.0,96.82700042515548,14.0
6.0,102.38534443977392,7.0
4.0,106.00445111990372,1.0
4.0,84.14474811951577,1.0
6.0,108.07217630802796,6.0
5.0,109.99919653239658,6.0
4.0,119.90240534202508,1.0
9.49470051103734,111.3155176640246,6.0
3.0,88.35365603757623,1.0
4.0,95.46783249283608,13.0
5.0,116.03616268802422,5.0
8.0,108.99330124486022,5.0
6.0,91.34301334923364,16.0
5.0,98.15803388301944,14.0
1.0,114.3115069201572,2.0
5.0,100.20346241183782,14.0
7.0,95.20307797824732,8.0
6.0,108.8814640383328,2.0
7.0,114.01427688517516,8.0
5.0,93.4677531665434,1.0
7.0,105.67871922936584,2.0
5.0,92.92236780828787,22.0
9.49470051103734,101.42744240513218,10.0
6.0,105.00155903462452,7.0
6.0,97.48468276269924,2.0
6.0,97.25436862961628,14.0
6.0,101.13192419213284,4.0
5.0,90.5859370767088,1.0
9.0,96.92338108389087,22.334292151809436
2.0,119.90240534202508,14.0
7.0,85.79502945479211,13.0
2.0,95.53732528963668,4.0
5.0,95.77044354656246,9.0
7.0,80.08240442659795,9.0
5.0,104.23966263490055,6.0
6.0,93.4306722481875,13.0
6.0,106.2068992883677,1.0
4.0,90.8503507645002,2.0
9.49470051103734,88.3050019074711,15.0
6.0,103.8659257684988,4.0
4.0,94.85902145296777,16.0
7.0,95.59847829652448,12.0
8.0,90.66370188429198,4.0
8.0,104.24460236959932,1.0
7.0,102.73627272119514,15.0
5.0,103.90293782653104,17.0
5.0,112.6895533268668,12.0
5.0,109.6276301291192,11.0
6.0,97.15787090475692,7.0
6.0,97.14700295316769,22.334292151809436
5.0,110.38494154609714,22.334292151809436
6.0,93.75886928076234,2.0
5.0,109.91543491033516,1.0
3.0,107.16210715591713,1.0
5.0,101.91554528174132,5.0
8.0,97.88801031387962,13.0
4.0,92.0049098203156,13.0
2.0,118.2154008907618,3.0
5.0,97.12372009514762,9.0
9.49470051103734,93.43903627203773,18.0
4.0,86.72619213082143,22.0
2.0,108.18753107133378,9.0
5.0,117.96698790802309,5.0
5.0,112.765984703974,14.0
6.0,88.62340938987734,5.0
8.0,95.08881734931754,14.0
6.0,104.82876149998606,14.0
9.0,91.58696156481425,10.0
5.0,101.04907462419054,7.0
5.0,104.8596589101648,14.0
6.0,91.48448909304224,15.0
6.0,90.14824740898264,3.0
8.0,103.61339766444075,1.0
2.0,101.1550645568369,5.0
4.0,105.12257680241446,19.0
5.0,118.30510354964896,19.0
4.0,80.08240442659795,2.0
1.0,110.45282381281216,6.0
3.0,105.97279572762235,19.0
2.0,101.74471132755777,11.0
5.0,118.82937339341528,10.0
5.0,101.96381617365851,6.0
5.0,99.34807125388026,1.0
5.0,110.64328824659576,10.0
6.0,91.98876224680396,12.0
6.0,100.55960760592446,6.0
4.0,89.69490985130015,5.0
5.0,102.151976008609,2.0
6.0,93.04072811314192,14.0
7.0,89.09458563934804,12.0
8.0,101.9101636570316,13.0
7.0,115.2527275163732,1.0
5.0,97.60692727462806,9.0
5.0,100.02550828652534,20.0
5.0,81.47732007821847,3.0
1.0,96.14457916162893,12.0
5.0,92.7129966933165,1.0
6.0,91.59737298436374,17.0
5.0,97.39563592729522,9.0
5.0,93.45160870655371,2.0
8.0,102.92195906148496,20.0
5.0,110.0637644417879,14.0
7.0,86.59150606109023,8.0
5.0,112.59404482008824,2.0
3.0,100.63559617876832,5.0
2.0,87.8838663570403,6.0
4.0,88.32505478580195,2.0
4.0,99.52370833112556,2.0
3.0,114.79068255848868,4.0
2.0,90.52434398054272,8.0
4.0,109.1375481965349,3.0
8.0,98.42817469579974,20.0
2.0,85.7458894694905,2.0
4.0,80.08240442659795,6.0
2.0,82.33081009755716,15.0
3.0,115.90181799243815,14.0
3.0,99.1619037603903,14.0
2.0,100.76218216751128,5.0
5.0,119.90240534202508,1.0
1.0,80.08240442659795,3.0
5.0,114.86382842121344,4.0
6.0,101.3635504499632,10.0
3.0,119.55653253313815,4.0
5.0,89.18410540081979,3.0
6.0,102.52742903943606,7.0
3.0,86.99446414274215,14.0
6.0,99.40241856747186,3.0
4.0,100.1715910130813,18.0
6.0,91.11171018963132,13.0
3.0,95.04963494176955,13.0
9.0,101.383011509124,12.0
2.0,99.31756336417448,3.0
2.0,106.59015841705666,8.0
3.0,105.77400177423026,1.0
6.0,95.4955745001949,14.0
6.0,107.45255831638023,3.0
9.0,91.77666702990427,1.0
2.0,100.7991484992186,1.0
6.0,100.6272059988554,22.334292151809436
4.0,102.64036779731988,17.0
6.0,92.94417001196972,14.0
8.0,108.7518770717544,5.0
1.0,104.3296826495658,17.0
6.0,90.80714733877754,3.0
5.0,100.2372538919454,5.0
5.0,109.08894521825444,4.0
3.0,103.00903498427188,1.0
3.0,98.64912296535284,10.0
9.49470051103734,91.17349357204228,15.0
2.0,85.73999963813542,1.0
2.0,96.66550293482558,19.0
5.0,110.29399380706975,6.0
5.0,104.28183821791252,16.0
8.0,86.24336944967415,2.0
8.0,109.40977464146916,5.0
7.0,109.0627641067896,9.0
4.0,96.83913760585386,9.0
2.0,92.0067689836776,15.0
3.0,111.68611132755314,7.0
6.0,85.13851113405975,1.0
5.0,104.84135705721204,7.0
4.0,96.12162076691452,6.0
1.0,111.282034999278,9.0
6.0,103.70767023471588,1.0
1.0,104.89528563729051,6.0
4.0,100.36533149968666,1.0
6.0,100.2111846971536,15.0
5.0,95.6414769761016,4.0
7.0,97.33002115828243,22.0
5.0,102.0020266672205,3.0
2.0,105.76559565606252,10.0
3.0,86.73673786724059,4.0
5.0,107.3154407588496,2.0
6.0,106.30763837648912,3.0
5.0,96.42087272777844,10.0
3.0,98.0644438983042,17.0
5.0,100.73046494529062,2.0
4.0,104.6502700712076,12.0
8.0,107.74220942474318,1.0
4.0,96.81116382431637,7.0
5.0,100.3691601405804,22.334292151809436
6.0,93.079838869758,1.0
7.0,110.00194711150304,9.0
6.0,100.62835565824282,5.0
8.0,88.90858258613284,13.0
7.0,104.58206598654148,3.0
6.0,105.6466191343906,1.0
5.0,89.49390332357774,7.0
6.0,102.82319015715504,5.0
8.0,109.18697781131324,22.334292151809436
7.0,106.58995878642703,4.0
8.0,90.98735102284074,1.0
7.0,102.46260398894157,20.0
6.0,90.25783516325605,13.0
5.0,80.80388689885339,5.0
6.0,100.88034275830368,21.0
7.0,90.0772268460544,9.0
3.0,105.91817916892704,15.0
3.0,94.76951827249212,15.0
3.0,97.78695907376624,16.0
5.0,104.6493617717427,7.0
7.0,93.96817254446488,7.0
5.0,102.55562618924516,1.0
8.0,95.68914732902932,11.0
5.0,119.90240534202508,12.0
5.0,103.14108215748884,16.0
5.0,109.35258383947895,2.0
4.0,107.69343582658932,3.0
5.0,80.08240442659795,22.334292151809436
3.0,106.55053523505094,22.0
2.0,111.9460634667442,11.0
7.0,94.29324373934952,12.0
2.0,82.2136374625537,2.0
6.0,90.4779401918588,19.0
7.0,91.9215638923226,15.0
5.0,110.63506094530246,4.0
6.0,111.76882041373604,1.0
5.0,114.41964977937778,1.0
4.0,98.20514626895876,1.0
2.0,97.81817324147796,6.0
6.0,97.2025912934596,11.0
4.0,119.90240534202508,12.0
5.0,93.58161996673373,7.0
9.0,112.91638677054206,1.0
6.0,98.86125118436092,9.0
4.0,88.72190014032975,6.0
6.0,108.68002543418098,15.0
5.0,116.91496564711431,22.334292151809436
4.0,94.15707751126014,3.0
7.0,100.45852153551684,8.0
8.0,112.45604891374435,13.0
5.0,80.08240442659795,17.0
5.0,108.15491135955604,4.0
6.0,110.6993995810181,22.334292151809436
1.0,99.7509892963698,5.0
5.0,88.0336304422732,1.0
3.0,88.17472881154376,1.0
5.0,99.8976220781795,7.0
5.0,106.4860035829732,22.334292151809436
5.0,99.57856325421324,6.0
5.0,119.90240534202508,12.0
3.0,91.09544541121646,17.0
7.0,109.27483050238553,22.334292151809436
5.0,119.90240534202508,12.0
5.0,100.5823955645464,15.0
4.0,116.6838349054621,5.0
9.0,86.14653995259603,14.0
3.0,98.05059765808394,3.0
6.0,94.96434002174958,13.0
4.0,94.9388116426912,9.0
7.0,84.97696867171771,20.0
3.0,101.62038700194512,5.0
5.0,90.07810390778748,8.0
9.49470051103734,94.7055419861617,10.0
5.0,97.02535778623576,8.0
0.5781629550845526,97.04072080495456,8.0
4.0,100.09958486180786,7.0
5.0,104.3711357879848,10.0
6.0,119.5772783584039,14.0
4.0,106.98654716479123,6.0
3.0,89.51094529489578,7.0
4.0,98.40474052508712,16.0
6.0,109.2513402386809,11.0
5.0,90.3390329334143,10.0
7.0,97.6628097584909,21.0
4.0,91.74878618075132,8.0
2.0,89.24817956801407,13.0
4.0,104.21193907166844,3.0
6.0,92.39540701953304,9.0
0.5781629550845526,95.77900083789444,3.0
5.0,104.49738737694604,1.0
5.0,104.42366667105004,19.0
6.0,94.32302932297296,22.0
6.0,98.91393517652216,2.0
4.0,108.9812942831621,2.0
3.0,117.54446481887626,2.0
8.0,100.68387204717956,13.0
5.0,82.13321184253576,11.0
5.0,99.8839485746523,18.0
9.0,98.91721467065292,13.0
1.0,102.06137391069672,6.0
2.0,100.28022809483036,12.0
7.0,86.83334066434438,4.0
6.0,107.62681568227023,20.0
8.0,97.85763876856409,1.0
6.0,111.93286734512186,1.0
2.0,100.86829051673952,6.0
8.0,102.02163774033868,8.0
9.0,80.08240442659795,3.0
1.0,95.77310284874264,15.0
5.0,104.2003054731855,2.0
9.0,102.12262149148656,2.0
6.0,109.80987142279167,3.0
9.49470051103734,95.72760523504928,1.0
4.0,112.12911864667818,3.0
3.0,100.13973227847664,7.0
7.0,104.14248055631498,21.0
7.0,95.24410499058092,2.0
8.0,119.06930170171076,4.0
3.0,88.87344146229309,2.0
8.0,83.75507879518733,7.0
5.0,116.72888603440845,1.0
6.0,105.17062752974084,5.0
6.0,94.48737103344696,14.0
7.0,93.65303103887844,3.0
4.0,85.07503774407887,3.0
7.0,101.97599436697784,6.0
1.0,84.79435791139147,10.0
8.0,101.14748737155298,2.0
6.0,93.34829762576688,9.0
9.0,98.24108732190152,8.0
4.0,104.82154810168942,2.0
3.0,88.71282015498969,21.0
6.0,109.69478503484066,1.0
8.0,91.45983456904796,5.0
3.0,119.90240534202508,10.0
5.0,100.1137926982014,2.0
5.0,98.47424459322076,15.0
5.0,85.14293994549399,12.0
2.0,94.3004600051536,4.0
8.0,100.82659181301538,7.0
6.0,94.44960107735318,9.0
5.0,99.36814310296089,1.0
1.0,98.2279840712084,8.0
3.0,94.71483520301295,16.0
6.0,103.78359444774928,14.0
3.0,118.20873978619022,3.0
4.0,119.90240534202508,1.0
5.0,86.37246193177614,7.0
6.0,114.1808671397011,15.0
1.0,107.05782335998204,9.0
4.0,111.47624976826316,15.0
1.0,105.78223117151047,15.0
6.0,100.80550052421164,1.0
5.0,102.19391028982794,18.0
4.0,88.0056843564024,17.0
7.0,95.13017322006242,10.0
5.0,117.51059746573792,10.0
4.0,95.8434414395831,10.0
5.0,110.71241411772638,2.0
1.0,97.34033001323832,2.0
1.0,99.41253994816712,1.0
6.0,96.11910758741138,10.0
3.0,86.55054906166026,2.0
7.0,102.88170166158176,7.0
9.0,119.90240534202508,14.0
8.0,97.2490872055506,2.0
4.0,93.44286648525971,2.0
6.0,94.22947141214412,10.0
8.0,86.89373313680146,4.0
3.0,113.29060339863732,19.0
4.0,97.08598704013032,2.0
6.0,104.0813693660433,6.0
4.0,102.41225820185566,1.0
2.0,95.18236725842362,12.0
7.0,100.49775017764668,15.0
3.0,97.13155137042428,22.334292151809436
5.0,108.52359347509332,9.0
5.0,98.16367332229578,14.0
9.0,103.53009375418836,4.0
4.0,107.04001529540108,17.0
9.49470051103734,116.5029293248607,9.0
4.0,83.78689843046253,6.0
5.0,96.58942014034818,1.0
6.0,92.33048097987464,20.0
5.0,97.13724589957576,16.0
7.0,94.899253201034,15.0
4.0,108.96755324715568,3.0
5.0,105.58017067627488,11.0
6.0,102.19382614842912,7.0
2.0,92.80986714101496,1.0
6.0,91.53702110602052,13.0
4.0,94.28306679090424,1.0
5.0,96.44562969731894,3.0
8.0,82.54537959083393,14.0
4.0,90.71017730095308,8.0
5.0,102.69460855797185,6.0
6.0,99.2068022579532,15.0
4.0,99.0154026107729,9.0
5.0,89.18386474787914,1.0
9.0,94.32948883858498,13.0
6.0,109.27720197804528,2.0
2.0,94.6418577024885,16.0
6.0,113.69786866185856,5.0
2.0,104.12149889858956,1.0
3.0,96.9839127578808,16.0
9.0,119.90240534202508,3.0
3.0,90.87173914254645,9.0
5.0,86.84104738356841,11.0
7.0,102.95850998069491,5.0
4.0,101.72117699692504,1.0
6.0,95.258689273818,2.0
2.0,109.22517544829194,1.0
4.0,111.81868800654972,6.0
1.0,116.76578552524911,6.0
1.0,82.04074657199386,8.0
3.0,97.62243600882486,3.0
5.0,108.6547352770661,7.0
5.0,88.33529772121648,2.0
4.0,103.89712201221349,1.0
7.0,88.89918657774611,1.0
5.0,80.08240442659795,10.0
3.0,93.50234950202676,1.0
3.0,111.5402885057172,6.0
4.0,100.87448611392549,1.0
4.0,97.9871977728959,3.0
2.0,86.76130410491868,3.0
4.0,107.87876644960076,7.0
5.0,98.88662737861138,15.0
3.0,116.40576216770997,13.0
4.0,92.5915640769824,22.334292151809436
9.0,106.10522767346566,9.0
8.0,98.97010818514256,18.0
5.0,114.06306155255864,1.0
5.0,97.61866884178384,15.0
7.0,109.70499481890909,22.334292151809436
5.0,91.37373019395974,16.0
6.0,111.79177441602008,22.0
7.0,99.13112465977784,17.0
5.0,95.42425633103588,1.0
7.0,103.48124838242764,1.0
4.0,104.74587815815876,10.0
9.0,98.47013611851844,4.0
6.0,99.97848463374672,1.0
4.0,92.10994307039712,3.0
1.0,116.93245329968774,5.0
6.0,101.02563672663356,20.0
3.0,100.01668954884587,2.0
6.0,112.09237244716329,12.0
3.0,94.78676571347162,11.0
9.49470051103734,89.78454646124794,10.0
5.0,92.14091755783753,11.0
4.0,97.90186868330292,6.0
4.0,99.7561832582152,12.0
1.0,109.03027235247052,4.0
4.0,105.19016629933216,3.0
3.0,101.26069918055656,12.0
9.49470051103734,81.66211272172137,17.0
6.0,104.57842926114348,20.0
8.0,107.61821454990138,7.0
2.0,108.0232523155624,8.0
5.0,111.49779451849204,4.0
8.0,99.81490134180544,4.0
7.0,93.6783296553957,3.0
8.0,97.034977203877,2.0
5.0,113.42260714328944,14.0
7.0,83.16205821832315,15.0
6.0,103.95885050105186,10.0
8.0,103.40055971709994,20.0
3.0,107.33962407689692,2.0
1.0,101.17168397766449,9.0
3.0,96.08102857402284,8.0
5.0,86.80133770428654,11.0
6.0,95.44876377647648,5.0
3.0,103.34385406837164,15.0
7.0,106.97929779668434,2.0
6.0,106.9637631157229,6.0
2.0,119.56362879884816,8.0
8.0,101.58974363532607,2.0
2.0,116.56662448186512,13.0
4.0,113.92570626180958,15.0
7.0,99.92007380948203,1.0
5.0,107.05461047365226,4.0
6.0,111.21684971774188,16.0
6.0,103.00379461029264,9.0
4.0,118.56579119562896,22.334292151809436
6.0,107.6236768022501,9.0
9.49470051103734,96.34648791853743,2.0
4.0,116.09468319425008,16.0
5.0,81.67780108297357,8.0
8.0,100.43196116691632,3.0
9.0,115.39016268468316,12.0
5.0,88.03458837521687,3.0
3.0,108.58908444522952,4.0
4.0,98.05087496998866,15.0
5.0,102.05964372460234,21.0
5.0,113.54480936245484,15.0
5.0,80.08240442659795,21.0
2.0,95.95472928146138,11.0
7.0,114.70647945565658,8.0
5.0,115.79024865232796,12.0
3.0,99.24300352788448,1.0
7.0,115.41853539191877,6.0
4.0,104.39022350121536,3.0
5.0,81.96792107850159,20.0
5.0,119.36421744155012,16.0
7.0,110.29312120153904,22.334292151809436
6.0,88.36834493912403,10.0
7.0,90.72744370542932,13.0
5.0,112.17357067537176,22.334292151809436
7.0,93.81775793205723,13.0
8.0,109.7418808744579,3.0
5.0,100.97644574784884,7.0
3.0,102.41753752868269,1.0
3.0,104.55896324344612,5.0
5.0,108.62495351179676,9.0
5.0,106.94480869272016,9.0
1.0,96.2870794671069,2.0
5.0,109.9081021035454,2.0
4.0,86.58654777600648,2.0
4.0,99.91855794955606,8.0
4.0,105.1678208644782,22.334292151809436
4.0,102.43823570349645,3.0
4.0,93.07629431099184,14.0
4.0,93.44669153606472,2.0
8.0,96.25097861271708,9.0
3.0,95.4781942521081,5.0
6.0,100.26514546959456,2.0
6.0,109.84489862258472,5.0
4.0,104.93802995595485,8.0
6.0,86.92883499323227,5.0
4.0,105.11893304235272,18.0
3.0,98.72047810954744,8.0
8.0,108.02430340432991,1.0
3.0,92.48645979071492,3.0
2.0,92.62633615753832,6.0
7.0,89.72225146292561,1.0
5.0,95.41344399325595,12.0
5.0,111.4434138151762,14.0
7.0,110.40986096952368,4.0
9.49470051103734,100.41764082095824,3.0
5.0,102.34913797717552,6.0
5.0,111.10579031227664,8.0
9.49470051103734,96.01388064610884,9.0
5.0,101.27699562321966,21.0
4.0,114.4655324111782,3.0
9.49470051103734,106.1075875345897,22.0
5.0,112.19019458852136,2.0
3.0,119.90240534202508,10.0
6.0,80.08240442659795,3.0
5.0,105.0682532639092,15.0
8.0,98.46461280761852,3.0
4.0,99.73681055902586,10.0
3.0,103.35248686701756,10.0
9.49470051103734,95.82444629305428,4.0
4.0,109.02894732696738,1.0
4.0,99.83965700008018,1.0
7.0,104.89489559403256,15.0
3.0,80.08240442659795,9.0
2.0,104.49022976881216,4.0
3.0,84.44398707292132,7.0
5.0,94.19372632686994,6.0
3.0,103.14480789043468,16.0
6.0,107.03391955060812,10.0
3.0,96.65242595626246,13.0
8.0,95.30359483076636,12.0
7.0,85.72352753116236,14.0
3.0,108.26405412942742,6.0
4.0,104.40777923317582,9.0
5.0,84.82572119898953,14.0
4.0,92.91803403269654,6.0
7.0,96.91069173738848,6.0
3.0,106.16980940425388,22.334292151809436
2.0,80.7854696189887,2.0
5.0,87.90483466143615,17.0
8.0,96.75734656650567,5.0
5.0,96.13292179780572,12.0
3.0,88.71483206723559,21.0
4.0,95.32636896875523,4.0
5.0,103.11236237572498,1.0
3.0,102.7049843135779,8.0
1.0,97.69514842940416,2.0
6.0,85.69889858396478,15.0
4.0,99.34797727244934,18.0
2.0,88.08809416508221,1.0
3.0,87.51879103086675,17.0
2.0,86.55017855367625,7.0
8.0,84.99144809038728,22.0
8.0,113.4603148419586,10.0
9.49470051103734,89.82244310826057,14.0
8.0,102.87279527067852,18.0
4.0,106.4446013752415,16.0
4.0,106.20951535514848,6.0
5.0,92.20942210163145,2.0
8.0,95.90205939726118,9.0
2.0,93.52900190923616,3.0
8.0,116.2467383208602,6.0
4.0,114.0267433211728,1.0
3.0,95.59318384534178,3.0
4.0,109.4445006401235,5.0
3.0,112.2497805454332,1.0
6.0,92.1790612936106,9.0
3.0,104.14790293715552,5.0
9.0,102.47939013004888,4.0
4.0,110.63466445470377,9.0
4.0,102.3809632889343,9.0
3.0,98.13918791794494,13.0
7.0,112.8342962719228,2.0
3.0,104.29782743513628,13.0
7.0,113.06915651195835,1.0
4.0,82.17520990162228,2.0
4.0,104.0318240121411,7.0
3.0,89.885476662457,1.0
5.0,99.61385214390071,10.0
9.49470051103734,106.1575476587203,2.0
5.0,95.93795968129704,7.0
6.0,102.4836021143624,12.0
1.0,105.06350097500672,21.0
2.0,98.7446302807237,13.0
4.0,97.7798507202694,2.0
4.0,91.55257461171075,2.0
4.0,112.77137649609908,11.0
3.0,96.37973390805892,4.0
5.0,108.12419696035448,13.0
8.0,106.59214371591273,11.0
5.0,98.57600605464845,1.0
3.0,101.5624106673456,4.0
9.49470051103734,99.13336478683304,18.0
6.0,105.8140453868944,17.0
7.0,102.20802354038489,6.0
8.0,96.2624906512954,16.0
5.0,101.59394796607042,1.0
5.0,81.66953728278264,8.0
7.0,100.28199093678036,22.334292151809436
4.0,91.47518574356312,8.0
6.0,115.73726043398732,1.0
4.0,101.37810175125703,6.0
8.0,102.36756052229804,1.0
9.0,98.05729653610804,3.0
3.0,102.51166166738122,4.0
4.0,103.10261006873812,5.0
3.0,95.40865295280506,17.0
2.0,80.08240442659795,11.0
4.0,90.49425356424668,22.334292151809436
2.0,116.4496799399806,3.0
8.0,98.0538132873776,22.334292151809436
7.0,95.95599838687156,7.0
4.0,88.4050933877042,22.334292151809436
9.0,87.54192957208924,2.0
5.0,93.84233442485258,1.0
9.49470051103734,102.01894956663445,7.0
9.0,87.63972126642712,19.0
7.0,96.68967451500758,2.0
9.49470051103734,99.89417284118036,7.0
5.0,116.95003477866832,5.0
6.0,107.68178388603354,7.0
7.0,81.39928182400128,6.0
1.0,105.45251189533818,4.0
5.0,80.08240442659795,4.0
2.0,96.43711879744156,17.0
6.0,107.08406087629686,22.334292151809436
1.0,92.32130546096388,7.0
5.0,100.55935825793593,14.0
3.0,105.32655503053624,1.0
4.0,98.10041293480204,12.0
8.0,96.5557210859201,18.0
6.0,83.39259588477836,3.0
5.0,95.83525275541317,5.0
1.0,86.55590360886262,5.0
5.0,104.76781730414984,2.0
6.0,115.614036505475,20.0
4.0,85.25794100564175,15.0
3.0,109.76515966834536,17.0
2.0,102.65553383357737,8.0
6.0,92.4668009153317,10.0
3.0,94.76727816126646,17.0
6.0,103.78810170091296,17.0
9.49470051103734,104.14160801304703,2.0
8.0,88.52774146414222,1.0
3.0,115.93286700640404,6.0
5.0,94.5448789089705,18.0
6.0,94.68361711230706,17.0
4.0,86.95780282765969,1.0
6.0,100.98176853038736,15.0
7.0,91.58377031725225,15.0
3.0,100.39545976701238,10.0
4.0,102.8154122382429,10.0
6.0,105.20904155785476,3.0
4.0,105.64603320356572,15.0
6.0,96.18934886607494,13.0
8.0,90.2453298224406,9.0
7.0,110.6164051785114,11.0
7.0,92.7319140956488,16.0
7.0,111.63294070285828,4.0
8.0,96.396860097344,8.0
9.0,104.3089969130649,13.0
6.0,101.14834934038312,6.0
5.0,80.08240442659795,18.0
5.0,80.08240442659795,1.0
2.0,119.90240534202508,3.0
1.0,107.2593700596952,2.0
4.0,80.08240442659795,2.0
3.0,86.27526152908757,6.0
9.0,118.82496023723635,19.0
8.0,105.21887393869385,5.0
6.0,109.18881299951138,1.0
6.0,90.0928636390112,13.0
6.0,96.69286072461388,4.0
9.49470051103734,98.55415056272854,10.0
6.0,81.64195015819135,5.0
8.0,100.87387559727712,16.0
7.0,104.48228808239134,11.0
4.0,99.22465441703456,16.0
2.0,105.71610961159251,6.0
2.0,81.37963983866067,3.0
5.0,87.03403700898859,18.0
5.0,108.18880616019388,10.0
1.0,108.0874638121677,3.0
5.0,107.04375777976882,7.0
4.0,119.90240534202508,11.0
4.0,92.37278231258657,6.0
5.0,111.12837649181836,6.0
4.0,104.95985131404106,10.0
4.0,99.76073049944068,8.0
7.0,88.82639920507829,22.334292151809436
7.0,115.84766236187542,15.0
7.0,90.15130673030744,5.0
5.0,109.63498074280186,1.0
4.0,112.4858870587118,2.0
6.0,95.5963103948028,20.0
3.0,96.3099060206813,7.0
7.0,110.6838937743143,8.0
5.0,87.4142735344059,14.0
8.0,101.42852866235768,6.0
7.0,88.10956817161433,14.0
8.0,86.73729366014375,5.0
8.0,100.09469624532194,9.0
1.0,119.59135435268632,2.0
3.0,114.50005052828254,6.0
6.0,92.61538719252272,11.0
4.0,99.79210258965558,10.0
9.49470051103734,111.3466580432517,10.0
7.0,112.60934238870615,3.0
3.0,86.90957553143252,9.0
6.0,95.3935123779398,2.0
5.0,100.56834442786212,5.0
3.0,112.52833899964256,18.0
3.0,105.29894101083478,17.0
2.0,111.02984814967752,3.0
4.0,96.59209015589548,4.0
3.0,91.03918312339884,2.0
5.0,95.9758074632004,22.334292151809436
3.0,90.91669313868329,14.0
5.0,96.61565742099698,4.0
2.0,80.08240442659795,13.0
6.0,105.53647988908097,1.0
4.0,98.12101194383494,16.0
3.0,95.996084918521,2.0
5.0,95.78533579223377,19.0
6.0,88.8960612425331,1.0
2.0,83.85044311260964,8.0
2.0,109.29464162892516,16.0
3.0,119.90240534202508,4.0
5.0,106.78686035052534,8.0
3.0,112.1631010789588,13.0
3.0,105.43377561985142,14.0
2.0,111.83855305473512,8.0
5.0,81.01862548952806,12.0
2.0,109.0942019078908,16.0
3.0,91.0141817109586,2.0
3.0,98.82388108369052,13.0
5.0,98.11817425148745,11.0
7.0,83.77820178711266,15.0
4.0,113.8156447890757,2.0
7.0,89.57451017147815,1.0
8.0,108.43986165926188,14.0
6.0,106.15597710615896,1.0
6.0,85.03663302315002,1.0
4.0,107.69312167205509,16.0
2.0,119.90240534202508,13.0
9.0,114.80620593410649,14.0
4.0,115.86205835335304,11.0
6.0,91.944652175247,9.0
5.0,88.67165291438113,3.0
3.0,107.32552093797732,8.0
9.0,89.3142087226362,10.0
4.0,107.66559268773312,5.0
2.0,104.58996148653046,7.0
4.0,100.883590468069,11.0
8.0,105.34333956241622,10.0
4.0,90.85948475315206,9.0
0.5781629550845526,111.15941122766095,22.334292151809436
5.0,102.37553914432138,8.0
5.0,95.01342326473316,5.0
7.0,118.20068858456978,17.0
1.0,105.64946017171016,11.0
8.0,108.83523383843593,18.0
5.0,104.25253186263332,5.0
3.0,109.1950285014685,2.0
4.0,85.26064413373071,7.0
4.0,89.57372922454621,1.0
2.0,111.04605932659138,6.0
6.0,107.99444615362424,2.0
4.0,92.61596957395678,1.0
9.49470051103734,89.1425848169246,15.0
6.0,93.57933879568871,10.0
3.0,94.09585793534578,22.334292151809436
5.0,91.46487809595034,2.0
4.0,102.82581644415129,18.0
8.0,98.88965022307936,22.334292151809436
5.0,103.84818641101872,11.0
2.0,99.2527464410116,9.0
5.0,94.69068062973209,20.0
9.0,109.75945947915494,9.0
0.5781629550845526,115.6277949122189,13.0
4.0,115.23068582468184,7.0
7.0,104.09581496473189,14.0
5.0,96.94946734898926,2.0
2.0,90.40218334926656,10.0
6.0,102.26791301757254,16.0
8.0,101.3132468954383,3.0
4.0,104.26444869861687,5.0
4.0,100.81463079454122,2.0
4.0,106.90454332763282,10.0
5.0,86.83353178287082,7.0
2.0,113.73463154510154,1.0
7.0,100.14764938715648,6.0
7.0,110.85843845342836,1.0
5.0,88.36612811901205,19.0
5.0,109.66334137321948,8.0
9.0,108.3448317873856,6.0
3.0,87.00128482545716,7.0
3.0,108.6401417266496,2.0
7.0,86.10682708475878,12.0
5.0,93.31155645986291,22.334292151809436
7.0,102.96303941027936,15.0
1.0,91.41611785216467,19.0
4.0,97.92877890944128,22.0
5.0,99.61213634584608,2.0
7.0,107.43458299650108,15.0
2.0,86.27976742406335,11.0
8.0,87.97275660669727,2.0
5.0,98.28505283246152,16.0
6.0,101.6253743188373,1.0
4.0,102.65105783921273,16.0
4.0,109.55855626791838,5.0
5.0,109.5119991219958,1.0
5.0,101.77589363408178,10.0
2.0,103.05250937589436,13.0
9.0,87.69630219344576,15.0
2.0,116.64198246902332,22.334292151809436
5.0,83.25484820347266,4.0
7.0,95.21918373824796,1.0
4.0,103.3514488646289,14.0
8.0,119.90240534202508,1.0
4.0,119.90240534202508,6.0
4.0,99.68588283517732,10.0
2.0,100.4505860761578,4.0
7.0,104.89577668161256,5.0
3.0,93.1047038158846,8.0
9.0,89.21233415912293,6.0
7.0,96.81257980087943,17.0
5.0,111.57984336546696,4.0
5.0,107.66570943084,4.0
0.5781629550845526,100.88519564409998,17.0
5.0,104.15163821617504,18.0
7.0,89.54464829589685,1.0
6.0,115.2783418400353,3.0
4.0,106.26968071815902,12.0
7.0,109.3600083004035,1.0
6.0,89.76586350468355,5.0
1.0,84.36844289242333,9.0
5.0,100.88733841884049,8.0
6.0,107.27243642669906,2.0
4.0,96.23300017644767,9.0
4.0,99.43135262741468,12.0
7.0,109.99484776159063,4.0
5.0,93.65707414813826,6.0
5.0,96.32903696729528,16.0
8.0,119.90240534202508,10.0
1.0,89.36716729887802,18.0
4.0,101.6555948277196,13.0
5.0,87.11768480690245,16.0
7.0,99.97292496762164,22.334292151809436
4.0,100.65424036687295,4.0
4.0,104.80619964348962,11.0
9.0,117.01217437067508,10.0
9.49470051103734,111.31622837603877,10.0
9.0,91.11516335765492,5.0
5.0,95.1067848932716,4.0
6.0,96.89494735020192,1.0
3.0,107.3528853385242,11.0
5.0,97.77713267000522,11.0
5.0,91.78850257576843,22.334292151809436
6.0,80.9886628381382,7.0
2.0,93.29567367952872,4.0
5.0,81.44579788306241,3.0
8.0,98.74423552531454,20.0
8.0,87.37644086871354,9.0
7.0,98.84800537197351,7.0
9.0,101.54646186169076,7.0
7.0,90.55855799045855,6.0
3.0,106.1466322754528,22.0
9.0,103.23222583569375,12.0
3.0,101.82308340008814,16.0
3.0,95.5526008931123,7.0
2.0,94.20380896171672,4.0
2.0,102.40643654249008,14.0
8.0,94.88755882931552,6.0
9.49470051103734,100.7510685048475,12.0
9.0,112.1976960571422,11.0
2.0,108.63972758373278,1.0
2.0,93.11861583327966,2.0
2.0,105.40149706238228,2.0
7.0,96.86938500876676,3.0
6.0,94.37017592233508,6.0
3.0,86.74916517083616,9.0
7.0,93.49910406268069,22.334292151809436
4.0,105.49886567894146,9.0
1.0,104.10018639535394,1.0
9.49470051103734,116.17645532610209,7.0
6.0,119.90240534202508,7.0
2.0,99.7412927522196,13.0
4.0,92.00762782329588,1.0
8.0,103.79920015703516,2.0
6.0,108.6721162971508,11.0
3.0,112.2397056299896,16.0
9.0,94.59878847046964,21.0
9.0,100.83086189645914,22.334292151809436
8.0,96.83608768222832,3.0
5.0,95.89623303715808,8.0
3.0,88.13300931308997,15.0
4.0,89.0183792852673,17.0
5.0,106.222379965823,1.0
7.0,107.8147613991103,12.0
4.0,82.85165902838936,5.0
1.0,119.77302212908928,12.0
7.0,116.65294670605172,8.0
6.0,111.27319279994724,2.0
6.0,108.2129458986951,14.0
1.0,98.49159249919389,8.0
8.0,82.74119294132521,7.0
5.0,112.56897906960477,3.0
3.0,89.94343000611573,2.0
9.49470051103734,117.41283689343317,4.0
3.0,94.95795524926304,5.0
3.0,107.88012571728028,3.0
6.0,80.08240442659795,12.0
7.0,90.2089579155824,16.0
4.0,94.78995867929648,3.0
3.0,90.41507140250322,2.0
4.0,92.10540658942622,9.0
2.0,99.93859256497346,8.0
5.0,94.55964780626503,5.0
5.0,99.66337719201192,10.0
4.0,105.04656533731792,12.0
7.0,96.4505925759795,9.0
4.0,99.91883670234746,7.0
7.0,105.60085858585956,6.0
6.0,111.78003630675876,3.0
4.0,115.59784115785794,4.0
3.0,94.23716110074147,18.0
4.0,94.15889654412364,17.0
3.0,94.68790063769136,8.0
5.0,117.86565564797746,20.0
6.0,105.70534976187918,14.0
6.0,106.4844980886475,21.0
7.0,92.87603244344749,20.0
4.0,114.27018780395258,3.0
5.0,95.0689525632935,6.0
9.0,93.62762763366165,2.0
4.0,108.45703335216116,9.0
7.0,98.6476094921914,11.0
5.0,97.9893036630414,12.0
8.0,88.60716190732623,4.0
3.0,116.35511220164332,18.0
7.0,107.73173341571174,2.0
9.49470051103734,97.82572625004616,2.0
4.0,91.72411179784903,1.0
5.0,88.83925678039316,17.0
5.0,94.60751803754918,1.0
8.0,105.38953166734156,5.0
5.0,96.28636173522722,6.0
6.0,119.56017714572567,14.0
3.0,112.01453054204752,7.0
6.0,102.72782082380496,6.0
4.0,114.81280560055686,20.0
3.0,119.90240534202508,11.0
7.0,98.00153058794092,8.0
4.0,119.543171445669,5.0
5.0,97.53785278219333,1.0
4.0,100.21749368780438,8.0
3.0,94.17500252942634,16.0
5.0,82.25005027702251,7.0
9.0,104.24093045180167,3.0
8.0,119.1682548461976,10.0
8.0,99.73791953942693,15.0
4.0,111.0604314729722,16.0
4.0,90.06969886188726,1.0
3.0,82.99932242700638,7.0
4.0,99.06537676136976,4.0
5.0,94.37771159388416,13.0
5.0,90.97050204818738,3.0
5.0,95.1898326974746,9.0
3.0,115.1386710738423,13.0
9.49470051103734,92.14506034871546,13.0
3.0,101.07235963061837,6.0
4.0,89.87089959736322,3.0
7.0,91.40287332559132,4.0
3.0,102.19280206494844,8.0
5.0,102.45604771401094,10.0
3.0,96.17309511016842,7.0
3.0,115.3839065660977,20.0
2.0,90.51627830937268,11.0
7.0,105.29792828932834,14.0
6.0,106.5980601535812,3.0
5.0,105.33499266467597,6.0
8.0,119.90240534202508,1.0
3.0,89.15091099901817,14.0
2.0,112.47864119802428,16.0
7.0,96.95184201998244,13.0
9.49470051103734,101.90138508651188,1.0
4.0,96.83408919711572,3.0
7.0,89.02599367902853,8.0
7.0,99.0817192242343,9.0
9.49470051103734,91.2263060594348,13.0
6.0,92.51006217131396,8.0
6.0,89.32505236764412,12.0
8.0,107.05315323025812,8.0
2.0,92.47663618409858,3.0
5.0,93.10584057383936,3.0
4.0,107.32022477758144,2.0
4.0,81.06225032958,5.0
7.0,87.70309611523422,3.0
7.0,104.51099838479728,22.334292151809436
2.0,98.11495412389094,16.0
4.0,103.02605743766178,1.0
5.0,89.43971099898084,7.0
5.0,98.57781390875478,14.0
7.0,95.95503535936648,17.0
5.0,106.83438713405532,1.0
4.0,89.15038434799784,8.0
3.0,103.69173597512548,19.0
4.0,90.18043767982373,22.334292151809436
3.0,101.09127702527314,7.0
3.0,102.06934310299948,20.0
9.49470051103734,103.57728651516383,3.0
4.0,98.1291486547262,13.0
4.0,97.07074641950032,3.0
4.0,89.42252006860775,16.0
9.49470051103734,100.74005483762711,1.0
2.0,112.2134357475404,9.0
5.0,106.427609868417,5.0
3.0,111.15644043256428,10.0
4.0,89.62267353211094,11.0
2.0,112.565987390761,6.0
4.0,111.97683274113082,6.0
5.0,100.7746907097013,19.0
3.0,100.32915359993346,5.0
3.0,106.5383029688864,15.0
5.0,111.62912422161337,10.0
6.0,105.53747314532151,1.0
8.0,110.3591671727707,6.0
8.0,102.62943618058192,2.0
9.49470051103734,109.96037254064385,1.0
1.0,107.6699443970122,22.334292151809436
5.0,106.56570037358492,3.0
5.0,109.28774621953998,21.0
4.0,105.11652403900652,1.0
4.0,104.31187939765024,9.0
3.0,109.16015419877058,15.0
6.0,86.45961301435156,16.0
3.0,88.05345495889367,6.0
3.0,102.48780186013576,8.0
2.0,87.10875788559673,4.0
6.0,116.0922749386116,8.0
5.0,104.42047449026153,17.0
4.0,115.038142815512,6.0
3.0,89.3212516955041,8.0
6.0,116.12904926288356,11.0
8.0,96.6314918305496,2.0
3.0,91.29131710366693,2.0
5.0,110.70902146968132,5.0
8.0,103.63827504668988,2.0
5.0,105.1564811370724,1.0
4.0,96.22295171228338,8.0
9.0,98.42983742556083,6.0
3.0,119.90240534202508,2.0
4.0,95.2936484938251,4.0
3.0,80.08240442659795,10.0
4.0,96.88176744764822,15.0
3.0,105.3300608448262,2.0
1.0,102.54429681236016,21.0
7.0,97.57060900441432,7.0
6.0,102.65262582840371,4.0
3.0,81.64336950186276,5.0
7.0,92.97578285532244,18.0
2.0,94.43636049027812,6.0
5.0,110.27356838903032,18.0
5.0,108.10528613157572,14.0
7.0,93.27306570663626,11.0
6.0,80.08240442659795,13.0
7.0,84.68103465818493,9.0
4.0,90.56862567580772,5.0
3.0,105.75950888948124,3.0
6.0,103.45098122074948,7.0
7.0,84.56061725913605,16.0
9.49470051103734,92.44539273805243,1.0
5.0,80.08240442659795,11.0
3.0,103.27603254125128,21.0
6.0,96.2363829850516,21.0
7.0,105.10346393828186,15.0
6.0,83.87888240963487,14.0
3.0,99.66703667855757,7.0
6.0,95.78718742728832,12.0
9.49470051103734,97.68414124325966,10.0
4.0,98.33352865640894,9.0
3.0,101.69579887765843,7.0
2.0,119.90240534202508,1.0
2.0,111.47664936556995,22.0
2.0,97.92916528423308,4.0
3.0,99.76861013752236,13.0
3.0,87.19550740386856,3.0
7.0,102.91240507862967,8.0
3.0,95.70512353795226,5.0
7.0,104.0533020387048,4.0
6.0,105.8325309310896,15.0
9.0,92.02776581660054,7.0
5.0,101.50419873045196,9.0
3.0,92.560642747373,5.0
8.0,103.4178165090369,9.0
7.0,103.7400820353462,8.0
4.0,100.22974334744532,1.0
4.0,90.08267702539634,8.0
5.0,114.64482620859808,12.0
4.0,80.28187475617854,4.0
3.0,109.37274397433345,3.0
3.0,94.3284564153731,5.0
5.0,93.11513868583968,10.0
6.0,119.90240534202508,5.0
7.0,115.4413292642044,9.0
4.0,115.07878742830712,16.0
3.0,109.52372549102309,4.0
5.0,90.82738092795242,5.0
5.0,119.90240534202508,9.0
8.0,91.49287708759832,13.0
4.0,104.66544361769994,8.0
4.0,101.43449649546244,5.0
5.0,95.69254737504308,2.0
6.0,90.5522768260652,10.0
8.0,89.98469340020206,14.0
6.0,98.62635925031968,6.0
3.0,107.14694509528248,13.0
5.0,113.9727241847146,11.0
5.0,106.04185359171969,11.0
5.0,119.90240534202508,14.0
3.0,85.75572236871055,2.0
6.0,104.54246766595286,1.0
4.0,97.99955481326296,19.0
6.0,102.4252827236917,7.0
3.0,109.1524345454771,5.0
4.0,102.24237851533638,13.0
2.0,99.05634361306043,1.0
2.0,98.87890576968309,13.0
5.0,100.53577582419317,3.0
3.0,109.65040071208452,2.0
4.0,98.2428679384116,14.0
4.0,89.3110308264042,21.0
5.0,98.2706707192952,15.0
2.0,102.16914243940926,22.334292151809436
0.5781629550845526,89.19061338014819,6.0
5.0,89.7624076268456,10.0
5.0,92.93026046700676,5.0
5.0,99.34913249023698,7.0
6.0,112.93899836256476,1.0
4.0,80.08240442659795,18.0
4.0,80.08240442659795,16.0
5.0,104.95138177830862,3.0
6.0,101.9506804336752,6.0
1.0,111.18718584392886,4.0
4.0,95.53056180325528,1.0
2.0,94.28471259545272,13.0
1.0,94.0668819314678,14.0
6.0,86.57611731034135,2.0
4.0,111.17883327129,19.0
2.0,91.68194245231837,10.0
6.0,95.50360210176248,21.0
2.0,83.1704566832677,5.0
8.0,94.224191186771,3.0
3.0,103.29528063230416,3.0
8.0,101.90478229489574,3.0
4.0,82.48535302388785,1.0
6.0,105.91570955661908,4.0
2.0,117.07357023443848,2.0
6.0,110.42923607358438,11.0
9.0,93.79516893316898,17.0
5.0,93.5479553931138,9.0
7.0,90.64772013423888,10.0
8.0,103.59272792159736,22.334292151809436
4.0,114.72810802461096,4.0
2.0,94.62245231969624,12.0
8.0,88.43534224772016,16.0
7.0,96.40896002146192,1.0
5.0,97.71720533479696,18.0
7.0,105.9413783531325,3.0
7.0,80.08240442659795,11.0
6.0,86.94827586226114,19.0
7.0,97.54924012108764,3.0
7.0,97.73835200058264,7.0
5.0,104.90316224538368,17.0
3.0,114.12505488160164,9.0
4.0,80.08240442659795,1.0
4.0,101.39007817362736,14.0
4.0,114.21026428823032,19.0
5.0,105.75783606027991,2.0
2.0,100.2429363678044,4.0
3.0,86.99601754782414,4.0
9.0,115.63630723511774,6.0
8.0,96.48143727652892,15.0
2.0,116.22439878583953,6.0
4.0,119.90240534202508,7.0
4.0,90.15908646974933,19.0
6.0,101.9394839361444,9.0
5.0,95.77717275722956,2.0
7.0,103.05910855020232,5.0
7.0,106.23102369281882,13.0
5.0,109.2956803149512,6.0
2.0,87.32995103771458,9.0
4.0,80.1607514157564,2.0
5.0,108.41016196404172,9.0
5.0,93.66426158871391,5.0
8.0,85.87382979559847,2.0
9.0,90.31167219655438,2.0
2.0,100.19570715870545,2.0
9.0,87.89142591933624,4.0
7.0,93.31250320349032,7.0
7.0,93.08334553023812,5.0
6.0,102.35887238402228,3.0
6.0,96.65873808865746,8.0
4.0,108.94207599490812,14.0
9.49470051103734,95.58721822491025,3.0
9.49470051103734,95.62380377932216,13.0
6.0,90.6738516990407,3.0
8.0,100.2317692021466,14.0
2.0,119.90240534202508,2.0
4.0,101.64830932385313,18.0
9.0,91.1232069738532,4.0
4.0,87.95097600207995,1.0
3.0,104.53380081711188,18.0
6.0,84.32008978222747,6.0
5.0,87.40450291455883,19.0
4.0,111.89929596632322,9.0
8.0,104.36266930270877,1.0
4.0,115.099406318683,22.334292151809436
6.0,109.88291621773556,1.0
5.0,107.25960910330858,9.0
5.0,103.74665299691463,3.0
3.0,105.54619066242202,10.0
5.0,111.26836834843776,13.0
9.49470051103734,89.1164237058912,6.0
3.0,103.83164094551871,5.0
3.0,93.51525194033884,2.0
8.0,111.66607287675,6.0
3.0,102.54818397268484,1.0
5.0,90.6814956921354,2.0
2.0,103.08645761781112,17.0
3.0,113.01742452598305,5.0
4.0,95.27215146943531,9.0
5.0,112.8908999154487,22.334292151809436
6.0,91.317408325618,1.0
9.0,100.01340589423252,22.334292151809436
7.0,85.87641444272244,8.0
7.0,114.69169622762796,20.0
6.0,86.66968014483444,12.0
5.0,99.12549777045211,8.0
6.0,97.758644010777,6.0
9.0,105.25245600734448,6.0
5.0,109.29928644441289,5.0
5.0,106.8001680171744,17.0
3.0,109.6166800145733,2.0
5.0,96.5012291246014,9.0
5.0,106.61098345160634,13.0
8.0,92.99961546127147,11.0
5.0,99.9152792435546,18.0
3.0,102.08406397565469,18.0
1.0,115.96297722987806,9.0
5.0,111.44536881896538,22.334292151809436
8.0,99.46706992168367,3.0
5.0,93.14974317080863,19.0
5.0,105.32949723425207,3.0
4.0,101.57469320361412,5.0
3.0,90.01740742209503,22.334292151809436
6.0,111.51840089311972,18.0
5.0,97.02237074155614,13.0
3.0,92.73616076975586,6.0
1.0,87.1247471987738,3.0
5.0,101.52811100108876,3.0
2.0,94.58463462975364,8.0
7.0,93.58373743648032,3.0
8.0,110.6474196295126,8.0
5.0,97.34729185142773,16.0
5.0,99.41662417734216,1.0
6.0,115.28183351317436,16.0
4.0,80.08240442659795,5.0
4.0,110.9357685138359,15.0
4.0,97.09303068899617,2.0
5.0,80.08240442659795,10.0
4.0,107.49320934365451,5.0
2.0,104.35770274046428,1.0
4.0,100.00537889147816,2.0
8.0,99.956005884971,3.0
5.0,106.23719998349507,19.0
8.0,97.47690394019097,3.0
3.0,108.70938527863396,17.0
5.0,100.35325180546609,2.0
3.0,85.66650333594754,12.0
9.49470051103734,96.68736146653478,13.0
4.0,97.3112055194082,2.0
3.0,106.75392581610652,1.0
5.0,103.1182271509774,17.0
7.0,102.98014932865748,14.0
7.0,99.1731127221528,10.0
6.0,101.47465645704176,3.0
7.0,92.23845105162296,20.0
3.0,96.87772252529594,10.0
1.0,83.09233442053728,22.334292151809436
4.0,106.34127961944878,14.0
4.0,105.52602488864711,1.0
5.0,99.8674710624252,16.0
2.0,90.5792755231655,15.0
3.0,92.11517401764988,11.0
4.0,119.90240534202508,5.0
5.0,93.54815630967276,10.0
2.0,92.72110780260994,6.0
4.0,98.60469041124126,8.0
7.0,89.18663843114115,1.0
5.0,107.4001843087752,1.0
8.0,110.44535801886065,22.334292151809436
9.49470051103734,106.61517553581322,6.0
6.0,95.93521082870735,9.0
4.0,80.08240442659795,14.0
5.0,102.38574788927517,7.0
5.0,92.51111842306167,1.0
5.0,87.18574266838574,1.0
5.0,107.46897823011572,1.0
3.0,101.29424893190114,7.0
5.0,101.49548145570311,2.0
4.0,109.93342368874691,7.0
5.0,94.25658126814396,18.0
3.0,104.76927454238492,6.0
3.0,87.80740938814482,2.0
3.0,111.45974563316796,4.0
1.0,93.50692995088242,22.334292151809436
6.0,94.37047276002238,10.0
7.0,96.47089964241444,9.0
4.0,100.95196810058432,13.0
5.0,114.18915607303089,7.0
3.0,111.55653838941636,3.0
5.0,106.86011739919236,4.0
2.0,87.1089482129229,15.0
6.0,100.31941184114858,8.0
8.0,102.97741675380468,2.0
3.0,100.22271741901312,9.0
7.0,90.3849440093703,9.0
3.0,115.35149782067884,4.0
5.0,111.51509759059203,4.0
8.0,105.23987686052578,1.0
1.0,112.37244255153044,3.0
3.0,112.49294334578649,11.0
5.0,98.28379683576186,16.0
4.0,91.98912423727288,2.0
2.0,112.05182926841104,3.0
2.0,100.0002100964206,1.0
8.0,95.39351953673211,7.0
4.0,100.88809330135824,11.0
5.0,104.416895251388,10.0
4.0,118.53999640158068,6.0
5.0,104.0100218609444,1.0
6.0,97.09433293749171,17.0
4.0,101.13256174212428,1.0
1.0,108.35451933626136,8.0
6.0,119.53378115547918,1.0
4.0,117.20725129508348,16.0
5.0,108.98179623559346,1.0
8.0,101.87689203214016,8.0
4.0,110.34565846407352,21.0
3.0,92.20720105907364,9.0
6.0,84.19898914216485,13.0
8.0,97.32433368079832,12.0
3.0,93.06380175438862,5.0
2.0,92.3437618567952,6.0
5.0,84.07484812954795,13.0
3.0,111.30876901199174,13.0
5.0,105.39393898341092,3.0
4.0,104.3044899612371,1.0
2.0,97.17417571028,17.0
5.0,88.59663515466067,12.0
5.0,90.94851257717036,9.0
3.0,99.54679097848714,22.334292151809436
6.0,109.57813349613532,3.0
6.0,107.2296916768685,3.0
5.0,89.67915428250996,22.334292151809436
7.0,100.00596027121249,4.0
6.0,119.90240534202508,10.0
4.0,107.89111088302464,11.0
4.0,92.47584306704552,1.0
1.0,106.17459535954892,5.0
7.0,89.69219342836135,2.0
7.0,104.96825577058024,6.0
4.0,89.33781569676833,2.0
3.0,84.1094734691997,3.0
3.0,80.08240442659795,8.0
6.0,84.70428184604513,3.0
6.0,83.51181554688995,19.0
4.0,101.62060610453368,6.0
4.0,105.62008574384714,13.0
5.0,90.10431322722523,2.0
4.0,92.5867260621431,7.0
2.0,117.89509471172828,17.0
4.0,93.30257497687325,1.0
5.0,99.91767722875004,19.0
5.0,111.34585697786603,22.334292151809436
7.0,106.22365191634007,22.334292151809436
3.0,83.76930761838449,16.0
6.0,102.24964621906663,6.0
5.0,91.76843115398717,11.0
4.0,93.34209354223812,6.0
2.0,88.60142480708441,22.0
2.0,97.19902337264185,17.0
4.0,97.38260496168397,6.0
3.0,99.38815819591838,15.0
5.0,91.8426273121418,7.0
6.0,92.54176583694964,22.334292151809436
6.0,98.65846607056908,19.0
7.0,88.86863371884351,16.0
8.0,119.90240534202508,4.0
1.0,99.6434425141052,4.0
3.0,110.23376495345916,2.0
5.0,116.73694271905256,16.0
3.0,106.87505845634634,22.334292151809436
3.0,104.92300754191902,13.0
4.0,107.21469560756503,2.0
4.0,100.97218309104464,10.0
4.0,99.9047074209376,13.0
9.0,87.68298921513056,15.0
4.0,80.75821061211806,1.0
6.0,110.07515940187338,10.0
8.0,80.08240442659795,15.0
5.0,90.94823105132426,13.0
4.0,106.69913305275134,11.0
2.0,94.29555537119684,16.0
4.0,113.82380218452468,4.0
1.0,93.99579461049724,1.0
6.0,90.68691753006394,18.0
5.0,88.86016875672013,11.0
8.0,105.14676198494756,4.0
2.0,84.50983236212099,7.0
9.0,89.98972945593444,12.0
3.0,85.50008886521026,11.0
3.0,90.70467157952906,4.0
4.0,106.85329012475516,12.0
1.0,97.82357271434626,1.0
3.0,99.43042860358142,14.0
5.0,99.4834450295888,16.0
7.0,99.7718679174084,17.0
7.0,105.73329761347956,1.0
6.0,104.14559302625815,5.0
3.0,119.90240534202508,16.0
3.0,106.2860810820592,3.0
4.0,100.07753338865714,3.0
4.0,93.36056570610435,9.0
7.0,88.32167888149385,6.0
6.0,89.02507995703208,7.0
6.0,91.53068357931288,19.0
3.0,104.51857548853155,14.0
4.0,113.21460665324943,11.0
3.0,95.71163303855924,5.0
3.0,103.7358582424498,1.0
5.0,102.30179463666376,12.0
3.0,96.42090781077268,3.0
6.0,93.54932750492895,3.0
8.0,93.54184315907776,15.0
8.0,115.88760632820816,22.334292151809436
3.0,89.98470958139877,6.0
6.0,90.29893481286156,13.0
3.0,97.26283119199653,4.0
4.0,94.16045281974708,18.0
5.0,89.42375968034126,1.0
3.0,107.1086854899979,15.0
4.0,90.90515801983048,14.0
7.0,95.17742235552716,10.0
5.0,96.43566246076496,8.0
8.0,99.23492151907703,7.0
8.0,80.08240442659795,2.0
8.0,99.91102286719736,4.0
9.49470051103734,105.7110467130879,7.0
6.0,89.75247102301124,10.0
4.0,84.90572941059628,7.0
4.0,93.5546972381116,6.0
9.49470051103734,105.48884966165684,15.0
5.0,92.86956593770849,11.0
4.0,106.08168282043684,16.0
8.0,92.75988460295744,14.0
4.0,105.8215008888153,4.0
4.0,89.78306500223701,13.0
5.0,82.36721905241869,3.0
4.0,109.33100384086528,13.0
6.0,116.62295151912777,16.0
8.0,85.43267349433829,16.0
6.0,101.38889385977944,20.0
3.0,88.57327001072943,2.0
5.0,88.7844266168457,8.0
5.0,92.56024812844984,1.0
7.0,114.0179805346636,7.0
7.0,98.31632336200038,6.0
4.0,80.08240442659795,15.0
5.0,105.88570000941765,19.0
9.49470051103734,104.18995940092152,13.0
6.0,80.91595867983011,4.0
6.0,118.15267185386324,5.0
8.0,98.22448946823955,1.0
2.0,96.183155721798,1.0
7.0,98.58099197586496,4.0
6.0,98.93700295830878,6.0
3.0,88.8832851456722,3.0
5.0,104.2362254136044,7.0
4.0,86.82192621247358,13.0
3.0,106.51911088730616,13.0
2.0,112.70849775144474,2.0
2.0,110.24076039063436,4.0
7.0,102.79992227674654,8.0
6.0,94.19198428227875,4.0
5.0,119.90240534202508,1.0
6.0,95.68563888178711,4.0
3.0,102.670692038836,17.0
3.0,80.08240442659795,7.0
1.0,98.51851986795737,2.0
8.0,86.54004029222999,6.0
5.0,88.78744779193367,2.0
4.0,108.801356263616,21.0
2.0,97.92644377148513,3.0
5.0,80.08240442659795,4.0
4.0,91.5032291663058,10.0
3.0,99.5631156732257,2.0
3.0,114.57160357530964,3.0
3.0,93.13867367379262,12.0
3.0,103.57607808157258,2.0
4.0,119.90240534202508,14.0
1.0,111.60377752171205,19.0
5.0,98.9724792193741,2.0
5.0,113.0829391367934,2.0
6.0,97.46464109099244,8.0
3.0,90.01825325933609,8.0
6.0,97.27728304880782,7.0
6.0,109.63769307277418,16.0
2.0,101.64679712132424,22.334292151809436
4.0,109.87174806021643,10.0
3.0,110.2084145489144,15.0
0.5781629550845526,84.54343630288929,3.0
6.0,114.47445375752312,14.0
5.0,95.21540863494896,14.0
3.0,86.18133628383897,5.0
8.0,105.43144690005144,1.0
1.0,95.60086695360695,9.0
6.0,98.5738627366506,4.0
6.0,102.68830936838998,4.0
9.0,113.2475826626641,17.0
6.0,97.13076502594986,4.0
3.0,111.55279584590188,9.0
3.0,94.13807527467422,17.0
2.0,90.7273282892384,9.0
3.0,115.52626211627371,14.0
6.0,99.7276942252093,7.0
8.0,107.4539998091926,6.0
7.0,80.08240442659795,2.0
7.0,103.16439181203717,17.0
9.0,107.83633607131448,18.0
6.0,96.53440198580608,13.0
4.0,108.851513702177,18.0
7.0,89.0600851128829,2.0
8.0,119.90240534202508,6.0
9.0,110.0558623642358,13.0
6.0,110.02116965427628,14.0
4.0,98.54945900182116,1.0
6.0,86.05192785145434,14.0
7.0,107.35965365699934,19.0
9.0,110.57160890225144,13.0
9.0,97.21082444442531,1.0
4.0,104.77195861374328,21.0
5.0,92.5809237430787,1.0
6.0,95.37528593547304,4.0
6.0,93.52825516441442,9.0
4.0,106.8892088320453,22.334292151809436
5.0,103.82661552342329,22.334292151809436
6.0,86.5800662512633,7.0
4.0,102.16087692217796,7.0
7.0,100.47638554645708,20.0
6.0,110.20872016942224,18.0
5.0,103.5246215421958,2.0
5.0,116.3182659816072,11.0
3.0,114.70709578403851,1.0
3.0,93.37542353812256,8.0
4.0,106.66861213108778,15.0
2.0,114.25678539487949,8.0
6.0,85.82156100946203,2.0
5.0,113.40973280391944,12.0
9.0,100.85532921129963,1.0
8.0,103.14632480084472,22.334292151809436
4.0,95.14786591772068,1.0
9.49470051103734,118.09867270266685,10.0
6.0,87.16442875866215,10.0
3.0,99.9075906774143,14.0
3.0,101.23235657903552,2.0
4.0,106.7575086207465,1.0
4.0,116.58263275463229,2.0
4.0,108.04951589655684,1.0
4.0,99.183506132661,1.0
4.0,119.90240534202508,22.334292151809436
6.0,96.52311377728844,15.0
9.0,94.81618571857696,7.0
7.0,95.8899248776614,1.0
4.0,84.91662602165985,7.0
2.0,101.09704705449585,1.0
4.0,105.81369412559846,13.0
5.0,112.61078833891771,14.0
8.0,96.54039487171931,21.0
4.0,112.19351216980635,22.334292151809436
5.0,104.15760049452756,4.0
5.0,97.27539628479232,11.0
5.0,116.58385530613268,6.0
5.0,86.26800863180316,15.0
3.0,100.92937840179138,18.0
9.49470051103734,108.8054223208582,8.0
7.0,101.23216048381508,15.0
6.0,106.68273412550808,10.0
3.0,98.69982944403372,22.334292151809436
8.0,97.54238861260092,1.0
4.0,95.76940890747176,2.0
6.0,108.60299190734824,7.0
4.0,104.7039144808722,10.0
6.0,94.17072240566188,2.0
3.0,99.48761075892403,4.0
6.0,109.37627421457634,4.0
4.0,101.10746413204116,10.0
3.0,117.24888140839516,1.0
9.0,89.03355219227981,14.0
5.0,103.90113851397732,13.0
5.0,110.41763033603524,14.0
2.0,111.4737737427058,8.0
8.0,112.20871078412948,7.0
1.0,99.62865585819354,1.0
6.0,101.22304526501048,13.0
8.0,107.85474144346202,3.0
6.0,113.52975885204135,20.0
9.49470051103734,106.08059185191128,13.0
8.0,98.04288383486973,14.0
3.0,101.0416970930581,2.0
3.0,100.72651856821682,18.0
4.0,111.73865359350542,6.0
5.0,101.14785310972792,2.0
4.0,110.49557003853825,12.0
3.0,101.65975365299956,6.0
3.0,106.48841233944836,3.0
7.0,98.5306620858911,5.0
8.0,114.4717782953591,14.0
8.0,99.69403762527614,8.0
4.0,106.56852920189876,4.0
9.49470051103734,89.1629733488072,8.0
5.0,80.08240442659795,6.0
2.0,108.85567091503124,8.0
9.49470051103734,89.6092307179249,22.334292151809436
5.0,108.71327836573076,1.0
5.0,95.1721694138384,18.0
5.0,106.3580184348724,4.0
4.0,106.47896756260948,9.0
0.5781629550845526,110.10949694598806,6.0
6.0,91.23669303984718,10.0
3.0,98.22358817530828,11.0
6.0,89.38146885354364,1.0
6.0,97.67563627752251,14.0
5.0,115.20052115684312,2.0
4.0,94.33268574544496,14.0
6.0,88.41082280387921,9.0
4.0,104.3966107385733,17.0
3.0,80.78019776596307,4.0
3.0,105.69024026891016,13.0
2.0,105.3293534031392,2.0
7.0,84.38868327958596,22.334292151809436
9.0,118.05786591843696,11.0
6.0,93.70319463101026,3.0
6.0,96.39799609151171,18.0
7.0,105.40377912887035,8.0
8.0,113.46102254499178,4.0
9.0,111.05245244721974,4.0
5.0,85.25856690119222,9.0
8.0,109.69850074866378,14.0
4.0,105.18181579464628,3.0
3.0,103.69339945130685,20.0
6.0,105.44020691058896,2.0
3.0,107.9624144781433,10.0
2.0,83.48455605107966,1.0
2.0,104.83326715634028,12.0
5.0,86.05954802600854,5.0
7.0,111.57128325876153,7.0
7.0,114.46285456725792,12.0
7.0,101.65327172222482,4.0
8.0,99.10219812842564,1.0
2.0,100.16801709924128,4.0
2.0,105.719285597523,17.0
7.0,86.2395631207795,4.0
3.0,95.57148156225186,6.0
3.0,93.9814041753075,2.0
9.0,95.45634814820264,19.0
8.0,103.75267559137532,7.0
7.0,108.07764596868174,5.0
3.0,108.01889478360974,6.0
3.0,104.0463545402956,8.0
7.0,115.84133732695489,3.0
6.0,107.57536318817895,12.0
7.0,99.53500272708791,1.0
4.0,98.83878594334784,8.0
4.0,107.110179650436,4.0
3.0,103.52737155773512,8.0
6.0,119.81604078043456,5.0
6.0,109.09138423427956,7.0
4.0,97.96653403613584,8.0
4.0,97.44204855842078,16.0
3.0,112.34884675686509,2.0
2.0,100.70783384104746,17.0
5.0,102.66636415074392,9.0
9.49470051103734,85.71230447530449,3.0
8.0,93.32984633098935,1.0
8.0,96.74026167851396,2.0
6.0,97.3378355816416,15.0
4.0,105.0610350435379,4.0
3.0,107.88209229219603,12.0
3.0,108.4813923499809,3.0
4.0,115.46294678254148,11.0
9.0,94.91337573295218,10.0
3.0,105.4533328228863,1.0
8.0,119.90240534202508,5.0
7.0,119.90240534202508,12.0
9.0,103.23062798031089,22.334292151809436
6.0,106.41332256653898,14.0
3.0,97.4515590016717,2.0
4.0,98.97050323053692,5.0
6.0,100.53638053460296,6.0
7.0,104.83025170940314,19.0
6.0,110.97756815106032,5.0
6.0,105.18728738971808,8.0
4.0,87.84375023561512,8.0
8.0,95.6797891553132,7.0
1.0,100.8501418009806,3.0
5.0,94.91288176710827,9.0
4.0,101.8770687238753,8.0
8.0,80.54093516752923,3.0
3.0,96.33924075470738,22.334292151809436
6.0,106.42969769779802,7.0
9.49470051103734,100.20147918093905,18.0
7.0,107.53366552365888,8.0
4.0,93.21759980457549,16.0
4.0,96.44562814385507,3.0
4.0,87.12234152307477,13.0
4.0,80.08240442659795,1.0
3.0,91.79014209253567,1.0
2.0,87.3784943751923,11.0
5.0,83.13243907787133,5.0
5.0,100.70961328908264,5.0
4.0,110.00169568839245,4.0
4.0,113.807774230746,20.0
7.0,97.36036005196786,2.0
1.0,86.69978527422597,7.0
3.0,84.62954948397172,2.0
5.0,96.50133123184088,13.0
7.0,108.21708417989312,22.334292151809436
7.0,108.48297031480703,12.0
8.0,104.50888810722668,1.0
4.0,111.62338082163672,8.0
6.0,82.75421220672555,16.0
5.0,98.8793724276328,12.0
7.0,108.31843140449008,16.0
3.0,88.71340139210065,4.0
4.0,103.17272188920867,1.0
9.0,119.90240534202508,5.0
2.0,86.78583890684956,3.0
6.0,101.54893816080798,22.0
7.0,94.45454595966108,6.0
2.0,101.38675309030045,5.0
6.0,97.91695108465788,3.0
3.0,104.87145589987054,1.0
3.0,102.4730380697679,16.0
6.0,111.51910871556952,12.0
7.0,92.58899347539464,7.0
3.0,87.66327578667978,5.0
1.0,101.97512444736697,2.0
6.0,98.80845321500468,22.334292151809436
1.0,113.7282247258167,1.0
3.0,116.893516593587,3.0
4.0,97.92789347342006,10.0
4.0,94.17057189925642,3.0
4.0,95.66442630270694,16.0
7.0,103.2817281250604,12.0
6.0,119.90240534202508,17.0
4.0,105.06898477288512,3.0
3.0,87.53893999444054,5.0
2.0,111.97205092706623,2.0
4.0,86.62527526733317,2.0
9.49470051103734,93.30727935367828,5.0
4.0,102.95158579599956,1.0
3.0,89.67837093194011,12.0
3.0,99.15201542854088,1.0
6.0,90.14472002345224,6.0
5.0,99.63824468966594,16.0
5.0,110.3267337753164,11.0
2.0,98.48599487668491,17.0
6.0,99.42075415736213,12.0
5.0,119.90240534202508,3.0
7.0,80.08240442659795,6.0
6.0,109.10624721275128,1.0
3.0,102.90257977110942,7.0
4.0,107.77654928893104,9.0
5.0,94.691441308841,9.0
5.0,98.26953195538762,17.0
2.0,112.88449972412816,7.0
4.0,105.777112557237,1.0
5.0,103.328707671461,19.0
4.0,99.56525628870922,4.0
8.0,96.38808526916098,3.0
7.0,91.99978780860432,1.0
6.0,97.91577485189892,22.334292151809436
1.0,113.6588674420634,12.0
6.0,93.26617042690091,13.0
4.0,90.78609136398394,12.0
2.0,97.02646850493292,19.0
2.0,106.12226913568011,7.0
6.0,85.82781767365717,5.0
1.0,91.8983077992926,1.0
2.0,94.30654222099253,3.0
2.0,95.27921537052802,6.0
4.0,98.43804384732908,22.334292151809436
8.0,113.05064993128865,11.0
4.0,86.09825330079164,2.0
6.0,99.48789111813016,2.0
6.0,90.72550879239068,13.0
8.0,109.72314457749825,8.0
4.0,92.14623920609635,1.0
5.0,99.40585691638216,7.0
5.0,110.82684436317903,7.0
4.0,119.90240534202508,18.0
6.0,105.02920019860206,20.0
6.0,111.88829199930665,16.0
6.0,95.27498400148733,7.0
2.0,101.11618087495384,22.334292151809436
7.0,108.72154973723178,19.0
4.0,95.35181208938248,1.0
6.0,111.49318139483545,8.0
2.0,109.19217157931364,10.0
4.0,93.44694191612804,4.0
2.0,116.11726360840832,1.0
7.0,107.6365784548085,11.0
7.0,86.96615843109362,5.0
3.0,98.87096605792112,20.0
6.0,99.88368075097398,7.0
5.0,110.65320678849083,11.0
8.0,99.96219887315594,13.0
7.0,94.40747031171304,2.0
5.0,94.02741649238068,1.0
5.0,108.2999473757878,2.0
4.0,103.01835619568284,2.0
4.0,80.08240442659795,9.0
4.0,100.14598359730256,16.0
9.49470051103734,98.58668449036657,10.0
7.0,100.6204812470309,15.0
5.0,108.15074953380989,8.0
7.0,113.59836453042982,7.0
5.0,117.7995934260358,1.0
7.0,86.53126679719666,12.0
8.0,94.8864798263028,9.0
2.0,113.22386658683868,7.0
1.0,90.74602061122168,18.0
6.0,101.39395075003225,9.0
6.0,83.33973419237644,9.0
2.0,98.6391329378253,7.0
7.0,90.35448975559356,5.0
4.0,112.52316703628333,13.0
3.0,89.62565281329766,12.0
4.0,104.63649821928438,7.0
6.0,97.35940820780202,5.0
3.0,80.08240442659795,5.0
4.0,118.742828983619,2.0
2.0,107.61811381183252,22.334292151809436
5.0,97.4011271310014,18.0
5.0,96.79548132741556,7.0
7.0,103.40722869155591,14.0
3.0,99.61233216328192,16.0
7.0,86.0888343527201,7.0
6.0,97.73287764903668,16.0
4.0,106.66879078651723,2.0
1.0,95.67402679037173,4.0
5.0,87.28747673103156,14.0
5.0,108.8136603212537,1.0
3.0,106.46624710100492,16.0
6.0,93.3927290573616,17.0
8.0,96.42509417203507,22.334292151809436
7.0,97.19616270240444,6.0
3.0,94.2810805313167,12.0
7.0,110.16206653258818,2.0
4.0,105.50212214728064,6.0
8.0,86.46015833627003,7.0
3.0,100.81067370663077,1.0
9.49470051103734,109.1295564448664,16.0
6.0,92.57387731937654,15.0
6.0,102.39117637080822,14.0
7.0,117.23500359616445,16.0
2.0,102.6096928492061,14.0
7.0,93.66080435996764,8.0
4.0,90.8398939089507,7.0
5.0,102.01704459304908,3.0
4.0,95.03694237472077,2.0
7.0,100.04126372246566,1.0
6.0,104.40084265024566,11.0
7.0,96.00039139407647,9.0
5.0,108.79560293486102,14.0
8.0,109.7895853346336,9.0
5.0,86.13802770332519,5.0
5.0,93.62200785550452,8.0
5.0,113.05674396791817,9.0
4.0,100.603226008007,4.0
3.0,119.20627761381402,10.0
3.0,94.1670570514778,5.0
8.0,103.14598305943171,12.0
3.0,93.26860573396222,9.0
6.0,93.42191502278366,1.0
4.0,104.04339526925236,19.0
2.0,101.9479233432086,20.0
7.0,81.61377575003513,14.0
4.0,87.99712531921324,6.0
1.0,99.96013498060888,5.0
7.0,108.62466230697568,13.0
2.0,95.80991476814948,15.0
3.0,109.42913198694885,13.0
8.0,106.5409894167968,2.0
4.0,80.08240442659795,8.0
7.0,97.96751744941248,11.0
8.0,80.38585964178294,2.0
4.0,94.86216000724394,6.0
6.0,102.6715391466556,3.0
5.0,108.71732269453442,11.0
4.0,103.25034074172572,13.0
3.0,119.46098414038362,3.0
3.0,98.5359413760988,7.0
1.0,99.01846893720666,15.0
3.0,119.90240534202508,13.0
5.0,103.78543189188848,1.0
4.0,117.97699649708603,3.0
4.0,99.5046461597828,5.0
5.0,89.08990334412245,20.0
1.0,111.66342708348816,2.0
5.0,97.74821100469286,13.0
7.0,85.14754130712645,4.0
5.0,117.72189525098638,8.0
9.49470051103734,104.76057732235073,2.0
7.0,91.78981753181924,8.0
6.0,101.85008957330508,21.0
5.0,114.92400507152274,3.0
9.49470051103734,113.47987070329113,5.0
9.49470051103734,102.38592889272628,10.0
4.0,104.92051170453657,9.0
4.0,89.66357574233722,5.0
4.0,119.90240534202508,3.0
3.0,85.76119944036674,7.0
4.0,101.01503396071804,5.0
6.0,98.32352693548796,11.0
3.0,96.14335284036122,3.0
3.0,100.18884246581148,11.0
4.0,91.12483827289384,8.0
3.0,92.09755235313813,2.0
4.0,96.48475116071096,1.0
5.0,93.126967682143,12.0
7.0,92.74982231860614,6.0
2.0,87.77944588559035,6.0
6.0,101.13072591426568,11.0
3.0,104.7897759784265,22.334292151809436
3.0,102.41849248298894,14.0
4.0,95.80573964176776,15.0
5.0,92.374117924993,19.0
2.0,87.04264861666084,2.0
3.0,119.90240534202508,3.0
4.0,100.32524645041173,1.0
9.0,99.08968153356116,4.0
1.0,88.45810585611514,11.0
1.0,100.14689523217864,2.0
8.0,97.55020638021595,19.0
4.0,82.65799590582527,13.0
3.0,99.28757350042068,11.0
4.0,101.21055378213802,16.0
7.0,104.342878239607,2.0
3.0,112.24336256912798,12.0
4.0,92.26766978927844,10.0
6.0,93.27309515703982,16.0
3.0,104.51478122692616,2.0
6.0,103.17435583129276,13.0
8.0,108.53686907505818,10.0
5.0,98.4458448101721,8.0
1.0,96.90355742846364,7.0
4.0,119.71230693405712,5.0
7.0,101.8917970589372,5.0
4.0,109.97763556190192,9.0
6.0,92.85768078369144,7.0
4.0,106.49548320532983,6.0
7.0,93.71202411455388,4.0
5.0,108.01629234134109,14.0
2.0,91.89410571878209,6.0
6.0,96.70326925996255,8.0
4.0,88.5465045330235,4.0
4.0,84.80775101434683,10.0
2.0,98.90976463918943,14.0
4.0,97.12850156885996,7.0
5.0,100.6692920411418,16.0
5.0,82.12565036217904,8.0
5.0,103.80882256488988,9.0
5.0,83.22419553232686,4.0
5.0,109.75652972631772,12.0
6.0,95.90794269954942,9.0
4.0,92.74810375798836,8.0
2.0,109.39943592519025,6.0
7.0,103.344298510285,1.0
4.0,101.4629355191064,16.0
6.0,87.20952341920895,1.0
7.0,107.24378164103514,10.0
8.0,88.08352873168786,8.0
3.0,89.23823686199273,13.0
4.0,92.78747208249357,12.0
7.0,119.90240534202508,2.0
5.0,99.25780184666388,1.0
4.0,105.0353120105787,1.0
4.0,115.15305503715638,2.0
6.0,96.35642343672826,10.0
2.0,103.62979699226553,4.0
5.0,102.92953923051483,12.0
1.0,86.3417667237057,7.0
4.0,94.74138429561008,1.0
3.0,97.7716331482345,8.0
2.0,103.3478799126607,9.0
2.0,95.12234231693468,20.0
4.0,84.93540176262296,16.0
2.0,108.32539845656244,14.0
7.0,87.5570726974262,7.0
6.0,100.13110769278282,2.0
9.49470051103734,91.0273917417398,13.0
4.0,113.3591976047066,14.0
5.0,99.56497668324616,9.0
9.0,95.40428436745168,15.0
4.0,104.5914569598244,12.0
4.0,112.785042776984,15.0
3.0,96.49664515867194,18.0
6.0,106.79478705726464,1.0
4.0,91.2502739746838,14.0
4.0,106.11575998592168,6.0
6.0,94.10419965506864,15.0
4.0,99.2075199094604,2.0
7.0,103.69245900425096,15.0
7.0,103.47914457971002,14.0
9.49470051103734,94.2706850843557,6.0
7.0,113.86174453800342,7.0
3.0,102.42648815835672,3.0
3.0,87.85976430936472,2.0
6.0,103.40601834907832,20.0
5.0,97.56590052888706,1.0
0.5781629550845526,104.93301567662452,1.0
9.49470051103734,99.96908457539736,21.0
3.0,112.594148050604,9.0
7.0,104.16277946500011,5.0
9.49470051103734,103.40280723180742,16.0
1.0,83.54483689226608,7.0
4.0,94.96261986605737,8.0
2.0,105.91895957538016,10.0
2.0,100.0328868253066,5.0
7.0,100.791800409778,15.0
4.0,109.57949934781212,2.0
4.0,97.27885588413844,22.334292151809436
4.0,101.58159977893422,4.0
4.0,84.85760343245795,2.0
4.0,112.1516011417871,2.0
8.0,110.6649911157488,1.0
4.0,107.68039351037416,9.0
5.0,102.99114782417143,9.0
9.0,83.8517447036995,4.0
8.0,106.0790612370958,17.0
8.0,112.3978482252108,4.0
5.0,103.63646658311966,2.0
5.0,100.13208214340086,18.0
8.0,94.81603014377376,4.0
5.0,98.94526107420263,13.0
2.0,81.9262529731382,3.0
3.0,92.13996846893076,4.0
9.49470051103734,103.99928154604784,3.0
6.0,112.4716531595068,15.0
9.0,119.90240534202508,15.0
2.0,103.99911353476276,1.0
7.0,115.96896872278488,10.0
2.0,101.96208945465028,7.0
2.0,101.59919104217734,3.0
6.0,93.1226083208132,2.0
3.0,98.5823787515882,3.0
6.0,97.21991817639498,22.334292151809436
5.0,99.77350748380395,3.0
7.0,106.9739384990192,12.0
8.0,90.67458171492396,4.0
5.0,91.39894644677258,19.0
4.0,101.79101567730952,2.0
3.0,98.62563413768784,11.0
6.0,117.89844069415932,8.0
5.0,102.16794991947182,9.0
2.0,80.08240442659795,15.0
6.0,93.53123857970807,1.0
7.0,103.63745401895623,16.0
5.0,96.24411500282494,5.0
4.0,105.56672794065734,11.0
4.0,102.40477686758412,8.0
5.0,88.59320793727152,1.0
8.0,98.0700624670878,1.0
8.0,109.77282076873396,17.0
3.0,91.58946768837828,6.0
5.0,98.29813541312306,1.0
3.0,85.79848442642404,12.0
6.0,93.64923133695748,1.0
3.0,104.1541587124714,9.0
9.49470051103734,97.94300388402536,1.0
7.0,94.8169503905504,9.0
9.0,91.35327472623528,11.0
5.0,98.82906022088407,5.0
3.0,108.09885346526995,5.0
5.0,99.70405333163676,15.0
7.0,101.31839565312733,11.0
7.0,100.06131735115444,14.0
7.0,92.02654326111228,17.0
4.0,107.18019141627876,1.0
6.0,97.4696349844202,1.0
5.0,117.48082731480773,8.0
8.0,110.75413304890225,22.0
1.0,108.499744436506,17.0
9.49470051103734,96.58588213588618,21.0
6.0,103.24094537155472,5.0
3.0,88.85759327198572,1.0
3.0,96.04980214852984,6.0
3.0,96.12266775677313,14.0
4.0,91.45482393578092,4.0
9.49470051103734,90.30073560292526,3.0
9.0,115.42954933598897,2.0
7.0,100.6011176723884,2.0
2.0,92.34217008076548,10.0
8.0,86.52033883967783,7.0
3.0,119.90240534202508,4.0
2.0,119.90240534202508,8.0
3.0,101.8454348564952,17.0
5.0,88.70661691940019,4.0
6.0,91.23935685666574,1.0
3.0,113.79037569687252,22.334292151809436
6.0,99.14529821599434,18.0
3.0,85.63160406631,9.0
4.0,102.44970293552991,17.0
3.0,105.86236159574702,1.0
6.0,100.76948171272704,20.0
7.0,96.6961381563289,1.0
7.0,96.89442759698515,7.0
6.0,93.46167104028063,7.0
4.0,83.7341739772175,16.0
5.0,95.69182449849708,3.0
9.49470051103734,100.08437038887212,7.0
3.0,93.3856847035026,10.0
8.0,97.97377377634643,2.0
5.0,89.71492943594248,15.0
3.0,96.79143614932435,9.0
8.0,100.55313912546806,2.0
9.0,119.50915057128375,5.0
7.0,105.25334208636558,15.0
6.0,89.89025156700906,18.0
4.0,100.81427687915956,3.0
8.0,89.87360844310284,22.334292151809436
1.0,100.38556737214832,4.0
3.0,107.7455759379458,3.0
3.0,96.15635795448937,1.0
2.0,100.94940417068824,13.0
4.0,101.01082170642148,3.0
1.0,97.84172640826613,9.0
6.0,104.46997354494523,10.0
4.0,93.43465985374488,18.0
4.0,88.81162286995308,5.0
5.0,94.98891970380662,6.0
6.0,99.5284208619266,9.0
3.0,94.90524946275704,8.0
5.0,103.8485952092278,2.0
5.0,109.1449183657633,10.0
1.0,86.92519586396739,11.0
4.0,105.51290100164016,2.0
3.0,101.11141691218052,7.0
6.0,95.91437417633664,12.0
1.0,91.79254313995943,10.0
5.0,106.04235602464269,2.0
6.0,114.05559024168136,11.0
6.0,94.08214218054312,16.0
5.0,105.60048413349848,1.0
3.0,111.0442400633162,4.0
7.0,100.88993615308672,15.0
8.0,92.00182851337192,4.0
5.0,104.41615398380738,6.0
3.0,93.45504399647388,14.0
6.0,92.63335788906872,14.0
7.0,95.66078481557928,3.0
7.0,93.8735526888705,6.0
5.0,99.37454407567084,16.0
3.0,119.90240534202508,8.0
7.0,103.3495411059992,7.0
3.0,100.12581041316692,8.0
4.0,90.27588193953774,4.0
4.0,102.7743600001161,18.0
5.0,119.90240534202508,17.0
4.0,89.26645666968791,4.0
9.0,103.55346546252882,9.0
8.0,105.020891924189,4.0
3.0,99.3180275311028,11.0
7.0,96.57619368320688,11.0
7.0,102.01626868762284,2.0
7.0,107.74885181165014,4.0
9.0,107.00078032424894,2.0
9.49470051103734,102.09475306550334,4.0
5.0,113.0047001714104,7.0
2.0,90.86743219097993,1.0
5.0,119.90240534202508,11.0
7.0,107.58335956923118,16.0
5.0,110.43185863848272,6.0
7.0,113.59412707393372,6.0
5.0,95.8195025175683,6.0
4.0,87.93807740386897,5.0
3.0,86.90787039929829,6.0
7.0,85.87254241105045,11.0
4.0,95.71917003015642,14.0
1.0,95.23417736624852,2.0
2.0,115.7275389394342,1.0
9.0,96.20148819433696,10.0
5.0,96.606686830972,13.0
6.0,84.50193113490396,3.0
4.0,105.86202644203334,12.0
3.0,119.90240534202508,4.0
0.5781629550845526,105.48106194372966,7.0
8.0,87.7427347108485,2.0
3.0,119.1070879172634,1.0
6.0,115.80034811359228,2.0
5.0,102.78586587116466,1.0
4.0,103.61713046666812,22.334292151809436
7.0,99.44224033791942,20.0
4.0,80.08240442659795,17.0
6.0,119.90240534202508,13.0
6.0,80.92220093140868,5.0
7.0,83.74026772384045,4.0
5.0,80.08240442659795,3.0
2.0,102.71865655425712,5.0
4.0,98.38716697494594,5.0
0.5781629550845526,110.4134609806416,19.0
6.0,93.51730683047644,2.0
4.0,106.97150530624457,1.0
3.0,117.50028097023988,1.0
1.0,99.20665172547857,10.0
7.0,110.86327684918125,2.0
0.5781629550845526,86.1479297650899,12.0
9.49470051103734,93.97712801401092,7.0
3.0,90.47767109168478,7.0
7.0,89.00148905015101,1.0
2.0,108.00986189975993,4.0
1.0,85.41100859422714,3.0
5.0,111.17089812303811,9.0
5.0,100.96901525826996,12.0
8.0,111.0888132561349,6.0
5.0,100.71002638129538,20.0
2.0,108.11438276908156,5.0
5.0,112.56040332411617,6.0
6.0,97.2289398106268,11.0
6.0,105.63256540862656,16.0
4.0,103.74328583775588,19.0
3.0,107.64147674119552,1.0
4.0,100.44470611055029,22.334292151809436
6.0,93.1498275281999,4.0
8.0,105.10874173948024,12.0
6.0,108.69052588587132,18.0
9.49470051103734,104.2007802500881,12.0
6.0,107.70953132166208,7.0
6.0,104.11776214183212,21.0
9.49470051103734,102.35597583713428,13.0
8.0,112.80374379054189,18.0
7.0,88.23155250523031,3.0
5.0,105.875422850359,13.0
2.0,94.65052291760992,13.0
4.0,98.2018757892178,2.0
3.0,96.76623252111708,1.0
2.0,113.86191178420736,8.0
5.0,92.06756650817584,1.0
7.0,100.1285141418292,6.0
6.0,119.90240534202508,2.0
5.0,95.19782628003196,3.0
4.0,92.8707030076291,1.0
7.0,84.22584768847868,5.0
3.0,103.5742581641862,12.0
9.49470051103734,112.80873678843372,11.0
6.0,101.78818988756812,14.0
6.0,93.49958283025782,1.0
6.0,90.34641250339024,6.0
3.0,98.0442493252137,16.0
7.0,114.52342230843496,9.0
3.0,107.9329104245564,17.0
7.0,119.90240534202508,14.0
5.0,88.7391147012617,11.0
3.0,97.20014984892194,15.0
2.0,106.76890217548602,22.334292151809436
5.0,105.30746693001552,7.0
6.0,101.05149121815307,5.0
6.0,89.64738530552418,4.0
5.0,102.15814928814297,14.0
8.0,95.57699781245172,6.0
9.0,110.79055202971112,4.0
6.0,101.51459565096152,17.0
6.0,103.37481006567204,22.0
6.0,87.15392634602205,1.0
3.0,103.65649719034133,1.0
4.0,100.00434960677136,8.0
6.0,93.80996845406582,22.0
3.0,95.63914620099844,8.0
8.0,111.243214859529,6.0
6.0,83.78713394809184,17.0
5.0,105.26820297308755,7.0
6.0,99.71534491084792,18.0
2.0,104.5848844491799,13.0
6.0,103.06938906552288,14.0
8.0,109.2702541278468,4.0
5.0,101.95261202919916,2.0
2.0,119.90240534202508,10.0
7.0,90.20254210493378,19.0
3.0,94.02871498796893,3.0
9.49470051103734,95.18443330562974,14.0
7.0,94.34593881415744,17.0
5.0,99.0737400650118,9.0
2.0,83.88226851917332,2.0
6.0,86.94624629279744,15.0
8.0,99.15176765253652,8.0
6.0,95.72262267130088,22.0
3.0,94.41099603425602,13.0
6.0,96.16857611102166,12.0
6.0,104.41123336978129,1.0
1.0,105.38041740110393,4.0
4.0,94.68924483799584,8.0
9.49470051103734,104.78774366966832,6.0
9.49470051103734,80.08240442659795,1.0
2.0,88.71276045244052,17.0
4.0,80.08240442659795,13.0
2.0,89.61511554932362,16.0
3.0,89.04166576858465,1.0
6.0,87.29679591779377,1.0
6.0,93.87179487400584,9.0
6.0,95.56757163937954,22.334292151809436
2.0,80.08240442659795,7.0
5.0,80.50014252624406,6.0
8.0,98.00952869711516,7.0
6.0,100.1695758065501,4.0
6.0,95.80185698017638,13.0
6.0,109.31806040029218,4.0
3.0,96.5249121895498,1.0
4.0,96.4174424482113,9.0
4.0,91.85425703676644,2.0
8.0,103.605862218061,6.0
3.0,116.50113685672034,22.334292151809436
2.0,93.01598323730552,1.0
6.0,110.170170992965,6.0
3.0,110.11040637948416,9.0
5.0,94.8557074434778,3.0
5.0,103.14527473767758,6.0
5.0,97.18022749575046,2.0
4.0,91.01024688650185,6.0
9.49470051103734,85.38301024271712,6.0
4.0,104.0024907702534,12.0
9.49470051103734,103.8680671896108,2.0
7.0,100.79720027053057,6.0
2.0,98.74639677966746,17.0
8.0,103.14850991740794,6.0
4.0,118.69934081742907,4.0
5.0,100.450862209083,2.0
3.0,93.4619414661736,16.0
7.0,93.23901975876473,13.0
4.0,90.62332820663144,22.334292151809436
7.0,85.27121471951826,1.0
3.0,92.17298870380164,8.0
9.0,89.71643762760642,9.0
3.0,80.55863406928871,17.0
1.0,97.42834912733407,12.0
7.0,95.29936225367436,17.0
5.0,112.36638414452648,7.0
6.0,100.75668214673776,19.0
7.0,92.69508707019834,16.0
6.0,85.89535716197064,14.0
7.0,114.99082922365037,12.0
5.0,96.60750073051813,4.0
2.0,98.9991683961437,14.0
6.0,101.38993104547416,18.0
1.0,93.84046138916564,1.0
0.5781629550845526,110.32020378294106,18.0
8.0,105.71286593921316,18.0
